,img_filename,bbox,data_type,data_source,platform,scale,description,output,answer_id,model_id,correct,bbox_xyxy
2,pc_2c6dc6ea-fd6f-4cbb-9954-2d6a68610a48.png,"[258, 139, 1400, 232]",text,windows,desktop,0.7000000000000001,play the solitaire collection,"[352, 554]",axcq79YqBTDhZgw79eA5SQ,merged-llava-v1.5-vicuna-7b-16k-13m_v1,False,"[258, 139, 1658, 371]"
3,pc_b072d03a-51cb-4dd6-bdeb-152d3fd44e6b.png,"[281, 61, 103, 104]",text,windows,desktop,1.4,open the gallery,"[221, 394]",Xjfp2KsQstzQdXCYi3sVrV,merged-llava-v1.5-vicuna-7b-16k-13m_v1,False,"[281, 61, 384, 165]"
5,pc_f0122b91-3f8b-4510-9a6e-f0239d84b94e.png,"[697, 63, 34, 32]",icon,windows,desktop,1.4,minimize calculator,"[802, 79]",M9Jd7DM2wMXQcpRpMyrCUw,merged-llava-v1.5-vicuna-7b-16k-13m_v1,False,"[697, 63, 731, 95]"
8,pc_db6b6fa2-11cc-4b06-88cb-22c180f07a3b.png,"[9, 0, 35, 31]",icon,windows,desktop,1.4,save the file,"[165, 250]",VViab8YC2aB8WhYp3yUe9t,merged-llava-v1.5-vicuna-7b-16k-13m_v1,False,"[9, 0, 44, 31]"
10,pc_bc9ed2f6-79c1-4a35-bcb5-4760bf4ed57d.png,"[880, 6, 36, 31]",icon,windows,desktop,1.4,add this page to favourites,"[917, 78]",gJAK7bvyvB7Zso7jaYwkft,merged-llava-v1.5-vicuna-7b-16k-13m_v1,False,"[880, 6, 916, 37]"
12,pc_e618dc7e-8ffb-4a37-a317-9d3908c38395.png,"[883, 496, 62, 44]",icon,windows,desktop,1.4,input method toolbar,"[270, 106]",9d6KUDFpVUBdKGFNHqi6fq,merged-llava-v1.5-vicuna-7b-16k-13m_v1,False,"[883, 496, 945, 540]"
14,pc_ad16765f-de52-4903-b406-fb5213b94db9.png,"[924, 496, 33, 44]",icon,windows,desktop,1.4,network and internet settings,"[870, 524]",KV2PdeHT35DpbZTD8uf5NU,merged-llava-v1.5-vicuna-7b-16k-13m_v1,False,"[924, 496, 957, 540]"
15,pc_1ebb6beb-3187-45a6-a5a6-e50aa9a327e5.png,"[813, 0, 34, 32]",icon,windows,desktop,1.4,open a new tab,"[78, 168]",DsA947Ww9GrrdzfGs3pZUg,merged-llava-v1.5-vicuna-7b-16k-13m_v1,False,"[813, 0, 847, 32]"
22,pc_133ac2cd-3eb3-4d45-be35-255a83831f97.png,"[607, 8, 349, 36]",text,windows,desktop,1.4,search for local files,"[578, 27]",LNPJFtxGoAE7VWhftHV9A9,merged-llava-v1.5-vicuna-7b-16k-13m_v1,False,"[607, 8, 956, 44]"
25,pc_2b40c066-2f8f-4389-8df8-e70e8dfc1309.png,"[894, 0, 66, 64]",icon,windows,desktop,1.4,full-screen display,"[933, 74]",JFKcjEbpSiiTnHDmdwLvqu,merged-llava-v1.5-vicuna-7b-16k-13m_v1,False,"[894, 0, 960, 64]"
29,pc_fa28755f-aee4-48f3-a484-02e670a6ff8f.png,"[537, 127, 279, 25]",text,windows,desktop,1.4,add a new file,"[667, 28]",WwTpdoRRcPPTHbGfT6xvpo,merged-llava-v1.5-vicuna-7b-16k-13m_v1,False,"[537, 127, 816, 152]"
30,pc_712496c8-6588-4b57-a89d-b17eaecc761b.png,"[6, 470, 104, 41]",icon,windows,desktop,1.4,open player settings,"[165, 497]",8qp8cXWSSNR8aAEChx9UDz,merged-llava-v1.5-vicuna-7b-16k-13m_v1,False,"[6, 470, 110, 511]"
36,pc_dd51aeab-7e2c-40aa-82e6-0f870e49e6ba.png,"[605, 15, 61, 93]",text,windows,desktop,1.4,add equation ,"[729, 37]",ch8eWN7yh2navJDqXKF9Mq,merged-llava-v1.5-vicuna-7b-16k-13m_v1,False,"[605, 15, 666, 108]"
45,pc_f317f992-32e1-4470-ab0b-31910a70bcd4.png,"[561, 308, 1093, 289]",text,windows,desktop,0.7000000000000001,add the title,"[1125, 630]",45A99rsHCDfPexXvL83ZTN,merged-llava-v1.5-vicuna-7b-16k-13m_v1,False,"[561, 308, 1654, 597]"
46,pc_776b1aa0-a892-4461-b03a-88253e628426.png,"[18, 15, 44, 39]",icon,windows,desktop,1.4,refresh the page,"[257, 521]",U3CX3ahtvADAs3VNntpKaq,merged-llava-v1.5-vicuna-7b-16k-13m_v1,False,"[18, 15, 62, 54]"
47,pc_580035fc-f55e-4817-b0c5-b741fb034cd0.png,"[441, 458, 32, 51]",icon,windows,desktop,1.4,previous track,"[418, 488]",eRKo2bB4SKQbUJ2CrB8WTQ,merged-llava-v1.5-vicuna-7b-16k-13m_v1,False,"[441, 458, 473, 509]"
48,pc_ac6779f8-a188-4633-bfcc-ab05ada6848c.png,"[872, 40, 37, 32]",icon,windows,desktop,1.4,pin to taskbar,"[903, 25]",Mxe9p5T8ULTURp2Zwwc3H5,merged-llava-v1.5-vicuna-7b-16k-13m_v1,False,"[872, 40, 909, 72]"
54,pc_942d98d0-92d0-49ab-bc98-49a700c1822b.png,"[552, 37, 158, 116]",text,windows,desktop,1.4,check weather  on tuesday,"[791, 102]",EnYptZKpCJ98uG6qRriipZ,merged-llava-v1.5-vicuna-7b-16k-13m_v1,False,"[552, 37, 710, 153]"
59,pc_8ed762cb-06dd-493f-b770-7e02298433f8.png,"[735, 31, 84, 36]",icon,windows,desktop,1.4,turn on the mixed reality,"[688, 48]",jJ6YTrUr5Ea7b979giiDu9,merged-llava-v1.5-vicuna-7b-16k-13m_v1,False,"[735, 31, 819, 67]"
62,pc_ecf34119-ce66-4699-a169-60e5279a650f.png,"[660, 401, 299, 64]",text,windows,desktop,1.4,switch to english,"[825, 496]",285rhASG4QnZr3FZaTcPYo,merged-llava-v1.5-vicuna-7b-16k-13m_v1,False,"[660, 401, 959, 465]"
63,pc_445877f4-ba58-468b-97b6-e770b1a9f02a.png,"[77, 0, 282, 28]",text,windows,desktop,1.4,open the file,"[221, 59]",5prGHnc3fpP8JZe8VdSisB,merged-llava-v1.5-vicuna-7b-16k-13m_v1,False,"[77, 0, 359, 28]"
75,pc_07faaa86-6e6b-457b-9a51-9b30edff21da.png,"[916, 455, 44, 41]",icon,windows,desktop,1.4,send current page,"[431, 81]",hDrRmq6XoaXE8i8cn2rvux,merged-llava-v1.5-vicuna-7b-16k-13m_v1,False,"[916, 455, 960, 496]"
76,pc_ec8508be-641d-492a-bccc-a8279ae5bf9b.png,"[78, 29, 47, 91]",text,windows,desktop,1.4,shape option,"[375, 180]",6ZqcUEy8j7Tj5v2FtsQgHy,merged-llava-v1.5-vicuna-7b-16k-13m_v1,False,"[78, 29, 125, 120]"
84,pc_986f4ae9-9dd8-4c5c-b3d8-fb3fb5557d17.png,"[145, 13, 81, 56]",icon,windows,desktop,1.4,multiplicate,"[183, 149]",ADhc3fctjT7a7fsAcyCV5a,merged-llava-v1.5-vicuna-7b-16k-13m_v1,False,"[145, 13, 226, 69]"
89,pc_79eaf625-93f5-42a4-977e-71aba5418ff4.png,"[0, 376, 159, 28]",text,windows,desktop,1.4,go to the desktop,"[80, 132]",nYzb7NskAdcKtbsLWiKrXi,merged-llava-v1.5-vicuna-7b-16k-13m_v1,False,"[0, 376, 159, 404]"
91,pc_6a8d5384-ca12-4ae2-b14c-4c9dc08d4896.png,"[97, 33, 1551, 35]",icon,windows,desktop,0.7000000000000001,input a url,"[165, 1061]",AzkejsU9PHTuLpSXeoZHkT,merged-llava-v1.5-vicuna-7b-16k-13m_v1,False,"[97, 33, 1648, 68]"
98,pc_5da8f8cd-8ba2-490a-86e0-5c82421a9bee.png,"[322, 67, 279, 26]",text,windows,desktop,1.4,open the file,"[452, 200]",W5sPLDNqsucP5tUiyRpeBR,merged-llava-v1.5-vicuna-7b-16k-13m_v1,False,"[322, 67, 601, 93]"
106,pc_471e7c2d-8c16-4626-9b8e-7e0fd79e3a32.png,"[181, 448, 31, 52]",icon,windows,desktop,1.4,next track,"[159, 481]",NcebkAszdyFjoTBXw3JFsb,merged-llava-v1.5-vicuna-7b-16k-13m_v1,False,"[181, 448, 212, 500]"
109,pc_58d89b93-10e2-41fe-8b6d-3532fd3bb832.png,"[0, 407, 50, 45]",icon,windows,desktop,1.4,windows settings,"[26, 486]",FBae6J6V95tAexkzX68Uny,merged-llava-v1.5-vicuna-7b-16k-13m_v1,False,"[0, 407, 50, 452]"
112,pc_c8b036c3-da02-490e-a09b-0a42b8d9f344.png,"[0, 391, 47, 42]",icon,windows,desktop,1.4,personal account options,"[71, 63]",5EbCD8epsPHT5LBbZsTVY9,merged-llava-v1.5-vicuna-7b-16k-13m_v1,False,"[0, 391, 47, 433]"
123,pc_5377c04c-7d8f-4377-b1ed-d7994722871f.png,"[370, 509, 132, 34]",text,windows,desktop,1.723076923076923,view the game for me,"[412, 580]",2EAC5ZLNExEXChp3JecGAW,merged-llava-v1.5-vicuna-7b-16k-13m_v1,False,"[370, 509, 502, 543]"
124,pc_70f27c18-7de8-4445-b6fe-202fa17bbe04.png,"[149, 62, 24, 31]",icon,windows,desktop,1.6019070321811681,use pencil tool,"[173, 94]",gDyBxJpXPB33u8n46d3TPj,merged-llava-v1.5-vicuna-7b-16k-13m_v1,False,"[149, 62, 173, 93]"
125,pc_70f27c18-7de8-4445-b6fe-202fa17bbe04.png,"[283, 60, 42, 67]",text,windows,desktop,1.6019070321811681,choose shape,"[68, 84]",5N4AbmUG6ok4yZ3DXiCdEB,merged-llava-v1.5-vicuna-7b-16k-13m_v1,False,"[283, 60, 325, 127]"
136,pc_efc1c0f0-366b-47a0-8e3f-0d197023a2bb.png,"[0, 288, 335, 63]",text,windows,desktop,1.12,play the splider game,"[1050, 319]",nrtSkrwrv658bzg4VVbRUm,merged-llava-v1.5-vicuna-7b-16k-13m_v1,False,"[0, 288, 335, 351]"
143,pc_57bf0c6a-5cdb-43c9-a807-7b1d83f5ab08.png,"[560, 555, 120, 30]",icon,windows,desktop,1.407329842931937,get start,"[611, 405]",TRBtMskpxou2Yg6zBCdjL6,merged-llava-v1.5-vicuna-7b-16k-13m_v1,False,"[560, 555, 680, 585]"
153,pc_1f6ac92f-9273-4758-a571-d0c831bb1dba.png,"[4, 450, 309, 34]",text,windows,desktop,1.11720698254364,check microphone,"[366, 405]",gX7kKrUF4zjATmGdVbArNE,merged-llava-v1.5-vicuna-7b-16k-13m_v1,False,"[4, 450, 313, 484]"
159,pc_5df0bc8e-3005-4a32-b824-0318d6a05bdd.png,"[2, 161, 314, 36]",text,windows,desktop,1.120934111759799,switch to feedback,"[1119, 17]",39926LtD5445BRZf7xd9Zp,merged-llava-v1.5-vicuna-7b-16k-13m_v1,False,"[2, 161, 316, 197]"
162,pc_6f79b56c-2b0f-471d-9f9d-93932c69a0ce.png,"[1025, 141, 104, 127]",text,macos,desktop,0.6696562032884901,check my apple id,"[107, 212]",eiKDx77fZKxk4E9f5mu9S5,merged-llava-v1.5-vicuna-7b-16k-13m_v1,False,"[1025, 141, 1129, 268]"
164,pc_6f79b56c-2b0f-471d-9f9d-93932c69a0ce.png,"[859, 952, 113, 153]",text,macos,desktop,0.6696562032884901,open time machine,"[568, 1000]",GeuEmX5d9y87YJk6vehNxp,merged-llava-v1.5-vicuna-7b-16k-13m_v1,False,"[859, 952, 972, 1105]"
176,pc_3ffab0d5-e99d-47b8-9684-ec9d8d063419.png,"[78, 845, 53, 42]",icon,macos,desktop,1.004484304932735,add a language,"[1133, 996]",L7wwfGxm3Vp2xcZwWdgPMn,merged-llava-v1.5-vicuna-7b-16k-13m_v1,False,"[78, 845, 131, 887]"
180,pc_819d6d6a-0ea9-46e0-869d-e17d271381ca.png,"[987, 13, 60, 48]",icon,macos,desktop,1.02127659574468,siri,"[526, 36]",c3FqHx4HegYuSJFXe3nS8t,merged-llava-v1.5-vicuna-7b-16k-13m_v1,False,"[987, 13, 1047, 61]"
196,pc_64100146-b681-4263-b86c-16d6932b8078.png,"[226, 1860, 73, 96]",icon,macos,desktop,0.44444444444444403,safari,"[2268, 38]",7EuTXm4SVjm4RNFn3ypBP6,merged-llava-v1.5-vicuna-7b-16k-13m_v1,False,"[226, 1860, 299, 1956]"
197,pc_64100146-b681-4263-b86c-16d6932b8078.png,"[61, 1860, 83, 95]",icon,macos,desktop,0.44444444444444403,finder,"[141, 38]",9izgKhFM9puE7GxsJWEbBG,merged-llava-v1.5-vicuna-7b-16k-13m_v1,False,"[61, 1860, 144, 1955]"
205,pc_7ba3945d-3975-45f3-9145-71805a9723de.png,"[471, 176, 594, 69]",text,macos,desktop,1.2240437158469941,set as contacts only,"[781, 274]",U83NXjmV8uZ47sLhbmd7W3,merged-llava-v1.5-vicuna-7b-16k-13m_v1,False,"[471, 176, 1065, 245]"
208,pc_e5c3f9ae-de8d-4457-8bdc-7c0aba699f38.png,"[328, 1, 75, 66]",icon,macos,desktop,1.2240437158469941,select input method,"[517, 211]",iDcwSVffvQ7WBxwY7zbgaD,merged-llava-v1.5-vicuna-7b-16k-13m_v1,False,"[328, 1, 403, 67]"
209,pc_be3ea55b-e1f3-478a-8982-a05f37cc910f.png,"[520, 189, 772, 91]",text,macos,desktop,1.004484304932735,connect airpods,"[1154, 545]",HkYnKMjFor2viEpo74JxLT,merged-llava-v1.5-vicuna-7b-16k-13m_v1,False,"[520, 189, 1292, 280]"
218,pc_2773ea59-8493-4c89-957a-d2ec661e6384.png,"[716, 417, 497, 41]",icon,macos,desktop,1.009009009009009,select network,"[723, 165]",ALa76GjmHZKfbKzS65sejj,merged-llava-v1.5-vicuna-7b-16k-13m_v1,False,"[716, 417, 1213, 458]"
219,pc_2773ea59-8493-4c89-957a-d2ec661e6384.png,"[37, 1092, 51, 47]",icon,macos,desktop,1.009009009009009,add a device,"[1128, 1092]",eLMP66cq3Zkg7BqzHx2AEH,merged-llava-v1.5-vicuna-7b-16k-13m_v1,False,"[37, 1092, 88, 1139]"
230,pc_63f20c0b-0abc-4cd5-a3cb-2ea0cb2ba3c8.png,"[707, 245, 146, 46]",text,macos,desktop,1.005988023952095,switch to privacy,"[1043, 1157]",QTYoEpvsuiQ3sAThRfmnii,merged-llava-v1.5-vicuna-7b-16k-13m_v1,False,"[707, 245, 853, 291]"
231,pc_514bf9d5-ca63-4d33-94cb-dc1b11994199.png,"[1024, 444, 212, 186]",text,macos,desktop,0.67065868263473,switch to alerts mode,"[626, 362]",9XyANiubf4qmWfm2B6yDJE,merged-llava-v1.5-vicuna-7b-16k-13m_v1,False,"[1024, 444, 1236, 630]"
233,pc_ed2173e7-c929-4f52-9777-db36a36e0c3e.png,"[529, 267, 91, 72]",icon,macos,desktop,0.671664167916042,open do not disturb mode,"[879, 297]",kyASYBpENEtk5iFry5TyBW,merged-llava-v1.5-vicuna-7b-16k-13m_v1,False,"[529, 267, 620, 339]"
234,pc_ed2173e7-c929-4f52-9777-db36a36e0c3e.png,"[536, 678, 67, 64]",icon,macos,desktop,0.671664167916042,add an people that allowed notifications from,"[573, 305]",dikCqhnrUuPo6k3CivdFpt,merged-llava-v1.5-vicuna-7b-16k-13m_v1,False,"[536, 678, 603, 742]"
236,pc_b93bf9fd-afa5-40c0-b103-48f235f3ffe0.png,"[25, 887, 95, 92]",icon,macos,desktop,1.004484304932735,unlock to make changes,"[245, 935]",Zr6zX7k9amSFR6aJ3oBnK5,merged-llava-v1.5-vicuna-7b-16k-13m_v1,False,"[25, 887, 120, 979]"
240,pc_cb3fc7f0-9ed8-4692-8610-0f32b929a5a3.png,"[675, 154, 139, 46]",text,macos,desktop,1.007496251874062,view firewall,"[603, 176]",9tYq8Gcq5jLivA3Qz93HAy,merged-llava-v1.5-vicuna-7b-16k-13m_v1,False,"[675, 154, 814, 200]"
241,pc_8c34d9b6-4f21-4cfa-a277-8a4fe45c9ef7.png,"[672, 149, 183, 50]",text,macos,desktop,1.007496251874062,switch to time zone,"[870, 173]",TdazwP6BBxC7M3s96ib4ZT,merged-llava-v1.5-vicuna-7b-16k-13m_v1,False,"[672, 149, 855, 199]"
246,pc_75eae2f4-193e-4365-a5f1-b9b5340d02ff.png,"[1667, 0, 82, 103]",icon,macos,desktop,0.7051416579223501,forward email,"[1779, 52]",c9NBraN9xwzjJfvTmjec8K,merged-llava-v1.5-vicuna-7b-16k-13m_v1,False,"[1667, 0, 1749, 103]"
248,pc_1e16b18c-5d91-4155-9e49-4ad5d9453fc7.png,"[561, 693, 90, 52]",icon,macos,desktop,0.9237113402061851,view attachment,"[485, 50]",VG93YhWpAz4vUBFjhnY5Kn,merged-llava-v1.5-vicuna-7b-16k-13m_v1,False,"[561, 693, 651, 745]"
253,pc_5392df82-37d6-41f3-838d-2afa1062dcc8.png,"[376, 103, 563, 157]",text,macos,desktop,0.703664921465968,open the first email from researchgate,"[656, 339]",FCXdEjxKhhTifqgTyyZdqm,merged-llava-v1.5-vicuna-7b-16k-13m_v1,False,"[376, 103, 939, 260]"
254,pc_fe30b885-865a-442e-a8f5-0e9924f256fd.png,"[42, 567, 1183, 736]",icon,macos,desktop,0.706624605678233,open the image in memo,"[836, 49]",cdK7KLpcvMtW35fYHDYCaY,merged-llava-v1.5-vicuna-7b-16k-13m_v1,False,"[42, 567, 1225, 1303]"
257,pc_2086f81a-7a9f-472f-bfe7-50394f5a2bc6.png,"[792, 205, 262, 47]",text,macos,desktop,0.706624605678233,take a photo to insert into the memo,"[935, 198]",Q9QU8ZKVtTfmfFyWKMDiRo,merged-llava-v1.5-vicuna-7b-16k-13m_v1,False,"[792, 205, 1054, 252]"
258,pc_2086f81a-7a9f-472f-bfe7-50394f5a2bc6.png,"[791, 253, 266, 50]",text,macos,desktop,0.706624605678233,add scan documents,"[941, 516]",drbvYZX2LA7sbL6BjfV9w4,merged-llava-v1.5-vicuna-7b-16k-13m_v1,False,"[791, 253, 1057, 303]"
263,pc_8be15b4a-65cc-4e89-94a2-3b6b571f41e2.png,"[1054, 211, 156, 81]",icon,macos,desktop,0.6726726726726721,get the bear markdown notes app,"[826, 251]",3grVxckmHeKRQxgtybd9tw,merged-llava-v1.5-vicuna-7b-16k-13m_v1,False,"[1054, 211, 1210, 292]"
264,pc_8be15b4a-65cc-4e89-94a2-3b6b571f41e2.png,"[517, 323, 699, 143]",text,macos,desktop,0.6726726726726721,view the pixelmator app,"[1580, 399]",684sJXAzke3jVNDYgLVMBm,merged-llava-v1.5-vicuna-7b-16k-13m_v1,False,"[517, 323, 1216, 466]"
270,pc_09fff6da-5dd8-4288-a0e7-f503273c1908.png,"[1411, 804, 152, 65]",text,macos,desktop,0.8410513141426781,open the file,"[1451, 747]",KMhnrarYSSiEspZCtBo7hb,merged-llava-v1.5-vicuna-7b-16k-13m_v1,False,"[1411, 804, 1563, 869]"
275,pc_e73c6749-043f-4a24-8e56-6c829f78255d.png,"[513, 134, 63, 57]",icon,macos,desktop,0.7859649122807011,enlarge font size,"[1431, 356]",HVJPmrKqTrzcRtuxS98J6C,merged-llava-v1.5-vicuna-7b-16k-13m_v1,False,"[513, 134, 576, 191]"
276,pc_e73c6749-043f-4a24-8e56-6c829f78255d.png,"[438, 2, 61, 61]",icon,macos,desktop,0.7859649122807011,save file,"[578, 1011]",mTKVAXzf3LGuWAWVf2nnhi,merged-llava-v1.5-vicuna-7b-16k-13m_v1,False,"[438, 2, 499, 63]"
280,pc_0205fe68-a787-4651-8cfa-495802d6beb6.png,"[884, 175, 161, 44]",icon,macos,desktop,0.785046728971962,adjust the left indent,"[659, 166]",ey3ozkBiFsPbAo3yPCNxXi,merged-llava-v1.5-vicuna-7b-16k-13m_v1,False,"[884, 175, 1045, 219]"
283,pc_7fe3e2d7-db08-47b1-80a1-36775ab888a4.png,"[358, 393, 77, 70]",icon,macos,desktop,0.7868852459016391,insert a square,"[474, 993]",gpqoodyYbipnXrwU5Hud3m,merged-llava-v1.5-vicuna-7b-16k-13m_v1,False,"[358, 393, 435, 463]"
285,pc_3f805781-f2fe-45dc-8bc5-e62d12f1c359.png,"[879, 797, 212, 223]",icon,macos,desktop,0.7859649122807011,add a sunburst chart,"[681, 769]",JgijFEuwfdwZYYsXZmLwBH,merged-llava-v1.5-vicuna-7b-16k-13m_v1,False,"[879, 797, 1091, 1020]"
286,pc_3f805781-f2fe-45dc-8bc5-e62d12f1c359.png,"[283, 0, 98, 61]",icon,macos,desktop,0.7859649122807011,turn on auto save,"[786, 1452]",2BzSXtskxb2aPWgDssj8yY,merged-llava-v1.5-vicuna-7b-16k-13m_v1,False,"[283, 0, 381, 61]"
289,pc_c2ffa4d3-4cf7-4813-986d-d741f1260c4c.png,"[205, 420, 812, 55]",text,macos,desktop,0.7841306884480741,choose ms pgothic for heading,"[595, 503]",3M4wSkLbNm99KxNZRQi2D6,merged-llava-v1.5-vicuna-7b-16k-13m_v1,False,"[205, 420, 1017, 475]"
292,pc_71e8f8bd-7ff0-4846-ada6-ce337a0f5ebc.png,"[172, 0, 61, 63]",icon,macos,desktop,0.613698630136986,go back to home,"[60, 94]",N3ppTnT5TAjJkujMeN6uSi,merged-llava-v1.5-vicuna-7b-16k-13m_v1,False,"[172, 0, 233, 63]"
293,pc_9eebe928-6d8a-4de5-8212-039d0282b082.png,"[1316, 553, 69, 60]",icon,macos,desktop,0.613138686131386,rotate title box,"[1428, 164]",Vv9j5iyE44T9voyeqd7zcc,merged-llava-v1.5-vicuna-7b-16k-13m_v1,False,"[1316, 553, 1385, 613]"
296,pc_c243b681-99cd-4726-8710-51ff1c024208.png,"[221, 774, 335, 59]",text,macos,desktop,0.6815415821501011,add a new slide,"[369, 165]",LKzykWindTMmEzM2A5z38i,merged-llava-v1.5-vicuna-7b-16k-13m_v1,False,"[221, 774, 556, 833]"
300,pc_ac718327-53b2-49c1-8707-d12220913fc1.png,"[1459, 58, 55, 49]",icon,macos,desktop,0.584347826086956,run the code,"[1372, 1257]",X6eA2tRxg2QUQCqN7W3GX6,merged-llava-v1.5-vicuna-7b-16k-13m_v1,False,"[1459, 58, 1514, 107]"
301,pc_ac718327-53b2-49c1-8707-d12220913fc1.png,"[1511, 55, 58, 58]",icon,macos,desktop,0.584347826086956,debug,"[2164, 195]",JP56rk3ePdxUFk5XYLWmyB,merged-llava-v1.5-vicuna-7b-16k-13m_v1,False,"[1511, 55, 1569, 113]"
308,pc_155db9b3-fe88-41cb-81d1-d51f37ba5970.png,"[519, 139, 400, 68]",text,macos,desktop,0.745837957824639,cancel showing plots in tool windows,"[1351, 1347]",FfxehsyDE7S9KYEMxqiX29,merged-llava-v1.5-vicuna-7b-16k-13m_v1,False,"[519, 139, 919, 207]"
310,pc_668258b4-f214-4a57-a500-d03aa94b0e65.png,"[38, 1009, 60, 49]",icon,macos,desktop,0.586387434554973,pause the debugger,"[63, 978]",UmfByEvcmKnSCxJfWpmakM,merged-llava-v1.5-vicuna-7b-16k-13m_v1,False,"[38, 1009, 98, 1058]"
311,pc_668258b4-f214-4a57-a500-d03aa94b0e65.png,"[40, 1067, 58, 49]",icon,macos,desktop,0.586387434554973,stop the debugger,"[197, 808]",DgVs4XVz6W64J4uSFuumcB,merged-llava-v1.5-vicuna-7b-16k-13m_v1,False,"[40, 1067, 98, 1116]"
312,pc_668258b4-f214-4a57-a500-d03aa94b0e65.png,"[2192, 779, 66, 55]",icon,macos,desktop,0.586387434554973,minimize the debug panel,"[429, 803]",eQyB4umcarhebsxPuNjmPS,merged-llava-v1.5-vicuna-7b-16k-13m_v1,False,"[2192, 779, 2258, 834]"
315,pc_de69c5ff-2e8a-4b48-b7c0-629da006b982.png,"[2, 763, 499, 49]",text,macos,desktop,1.333333333333333,set mirror display,"[252, 356]",393upjZaBfte5r2GBm8Hds,merged-llava-v1.5-vicuna-7b-16k-13m_v1,False,"[2, 763, 501, 812]"
323,pc_857c0a8b-5f0f-4d6a-966f-789b594622c9.png,"[640, 17, 70, 70]",icon,macos,desktop,0.9093369418132611,detail information,"[1380, 50]",QiJMNZQecRmFqUuyMYDAU9,merged-llava-v1.5-vicuna-7b-16k-13m_v1,False,"[640, 17, 710, 87]"
328,pc_64c386c3-9d87-4c91-b712-c1d9ab9216ae.png,"[1144, 16, 66, 71]",icon,macos,desktop,0.7576099210822991,run the shortcut,"[1495, 1213]",YU8LGD5Hb7qDrhxNKjz4GV,merged-llava-v1.5-vicuna-7b-16k-13m_v1,False,"[1144, 16, 1210, 87]"
329,pc_64c386c3-9d87-4c91-b712-c1d9ab9216ae.png,"[1037, 13, 81, 79]",icon,macos,desktop,0.7576099210822991,share the shortcut,"[1495, 1213]",FcRBiYcinr4MRZBeNnQ8p3,merged-llava-v1.5-vicuna-7b-16k-13m_v1,False,"[1037, 13, 1118, 92]"
332,pc_97ce9c11-f20b-4294-982a-f01241c81576.png,"[746, 19, 62, 65]",icon,macos,desktop,0.97391304347826,enlarge the font,"[708, 52]",2R5jVj2kXw6rdSGMLSmRnc,merged-llava-v1.5-vicuna-7b-16k-13m_v1,False,"[746, 19, 808, 84]"
334,mobile_1ca5b944-293a-46a1-af95-eb35bc8a0b2a.png,"[223, 78, 601, 593]",icon,ios,mobile,0.569491525423728,check the weather,"[2008, 198]",69L2xPnPQxAEJWKGVpYPq8,merged-llava-v1.5-vicuna-7b-16k-13m_v1,False,"[223, 78, 824, 671]"
335,mobile_1ca5b944-293a-46a1-af95-eb35bc8a0b2a.png,"[879, 75, 599, 269]",icon,ios,mobile,0.569491525423728,view world clock,"[1945, 1501]",CqGecUXU5ePYdYATqyr9cn,merged-llava-v1.5-vicuna-7b-16k-13m_v1,False,"[879, 75, 1478, 344]"
338,mobile_6949b916-64c8-431f-8842-a29a9a557641.png,"[40, 64, 80, 66]",icon,ios,mobile,0.569491525423728,menu,"[820, 124]",X7SbxSu3ntTKNpgwD8zqD9,merged-llava-v1.5-vicuna-7b-16k-13m_v1,False,"[40, 64, 120, 130]"
339,mobile_6949b916-64c8-431f-8842-a29a9a557641.png,"[1077, 78, 92, 115]",icon,ios,mobile,0.569491525423728,select source language,"[811, 122]",kwjXfeWiHiDTpMWyga4gyP,merged-llava-v1.5-vicuna-7b-16k-13m_v1,False,"[1077, 78, 1169, 193]"
341,mobile_702eab66-81f1-4aac-a252-37b5f7c3ae68.png,"[1681, 1407, 103, 103]",icon,ios,mobile,0.569491525423728,translate,"[811, 122]",Gf385EbjbirFJhwfmQBW9a,merged-llava-v1.5-vicuna-7b-16k-13m_v1,False,"[1681, 1407, 1784, 1510]"
352,mobile_1c1d54b4-5ac1-40cd-9dc6-21a8d3c97d6e.png,"[2134, 439, 140, 286]",icon,ios,mobile,0.569491525423728,adjust the voice,"[1935, 212]",XTEKnVBwxtAyvAEejFJ2Wk,merged-llava-v1.5-vicuna-7b-16k-13m_v1,False,"[2134, 439, 2274, 725]"
354,mobile_0570bb62-77b0-4d1d-90f4-5e322c2bca17.png,"[2019, 55, 86, 83]",icon,ios,mobile,0.569491525423728,handwrite mode,"[1134, 98]",RUyajK8a9jd9QrbnYdBo7v,merged-llava-v1.5-vicuna-7b-16k-13m_v1,False,"[2019, 55, 2105, 138]"
356,mobile_4b1df148-c6ac-452a-b55d-f8e6c6dee059.png,"[770, 304, 192, 275]",text,ios,mobile,0.569491525423728,open result file,"[1496, 391]",EUEH7wvRGjVis8gmC4b6kR,merged-llava-v1.5-vicuna-7b-16k-13m_v1,False,"[770, 304, 962, 579]"
361,mobile_a8181231-d30c-4051-9ff2-16808694adbf.png,"[2097, 58, 77, 77]",icon,ios,mobile,0.569491525423728,add a new page,"[207, 96]",29btYj2MAk2oBtWJpd8BCN,merged-llava-v1.5-vicuna-7b-16k-13m_v1,False,"[2097, 58, 2174, 135]"
368,mobile_1a514eae-4ee0-4780-a059-c47715828e3b.png,"[606, 1679, 216, 216]",icon,ios,mobile,0.5743589743589741,screen recorder,"[195, 1020]",TLQQtEEHrdcLW5bPxF35Y4,merged-llava-v1.5-vicuna-7b-16k-13m_v1,False,"[606, 1679, 822, 1895]"
375,mobile_3925834b-893d-4cdf-b9cf-a602466175f3.png,"[49, 1269, 1072, 137]",text,ios,mobile,0.5743589743589741,check wlan settings,"[988, 1206]",adfp7WRR5pyAg68MzkXjMN,merged-llava-v1.5-vicuna-7b-16k-13m_v1,False,"[49, 1269, 1121, 1406]"
384,mobile_5c9fb5f1-7d84-4283-8ba4-7821a9545c95.png,"[993, 530, 92, 99]",icon,ios,mobile,0.5743589743589741,view detail information about pjlab-office,"[585, 567]",5ediZxtcW4hEmViSWr7UeF,merged-llava-v1.5-vicuna-7b-16k-13m_v1,False,"[993, 530, 1085, 629]"
392,mobile_db81809e-7672-4329-8453-f622d97fa7ca.png,"[913, 717, 164, 105]",icon,ios,mobile,0.5743589743589741,open allow siri when locked,"[585, 767]",ekmtPusyCwiKhZCbFxDdX2,merged-llava-v1.5-vicuna-7b-16k-13m_v1,False,"[913, 717, 1077, 822]"
396,mobile_e3249127-d727-4553-9a2a-db645f430d9b.png,"[577, 1149, 496, 88]",text,ios,mobile,0.5743589743589741,last 10 days data,"[585, 1755]",HTZaZBUn2F3s3jDrEU372p,merged-llava-v1.5-vicuna-7b-16k-13m_v1,False,"[577, 1149, 1073, 1237]"
397,mobile_e3249127-d727-4553-9a2a-db645f430d9b.png,"[915, 527, 158, 97]",icon,ios,mobile,0.5743589743589741,open low power mode,"[585, 736]",ZG5RyPiFeHwh2VzeZ7bF73,merged-llava-v1.5-vicuna-7b-16k-13m_v1,False,"[915, 527, 1073, 624]"
400,mobile_907cb7d2-9953-476e-b589-5526587c3913.png,"[965, 2105, 145, 153]",icon,ios,mobile,0.5743589743589741,invert the lens,"[67, 163]",U5cNc3DkFTtKjdrVbdwbpW,merged-llava-v1.5-vicuna-7b-16k-13m_v1,False,"[965, 2105, 1110, 2258]"
429,mobile_8da8fbf4-c2b0-495f-88d3-9eb682c15ce7.png,"[976, 1591, 147, 74]",text,ios,mobile,0.5743589743589741,more information about classical christmas,"[585, 698]",f3nNmbsrNeJXsJu2kvY74W,merged-llava-v1.5-vicuna-7b-16k-13m_v1,False,"[976, 1591, 1123, 1665]"
432,mobile_efa861a6-0810-4c8a-9bca-4f481641d03d.png,"[883, 168, 71, 80]",icon,ios,mobile,0.5743589743589741,add a new one,"[146, 1777]",U3bqF3v4LrzzxuFuNmPdhd,merged-llava-v1.5-vicuna-7b-16k-13m_v1,False,"[883, 168, 954, 248]"
433,mobile_efa861a6-0810-4c8a-9bca-4f481641d03d.png,"[1039, 166, 82, 84]",icon,ios,mobile,0.5743589743589741,more details,"[146, 1775]",NY7NpFSKkX5wUB8fXrGLZA,merged-llava-v1.5-vicuna-7b-16k-13m_v1,False,"[1039, 166, 1121, 250]"
442,mobile_fbadc3d2-cde6-43f5-a33c-a648a9299963.png,"[47, 958, 235, 237]",text,ios,mobile,0.5743589743589741,all clear the calculator,"[997, 1354]",LiwC8BBhedwoP48vY5KSps,merged-llava-v1.5-vicuna-7b-16k-13m_v1,False,"[47, 958, 282, 1195]"
448,mobile_3a1f306e-784a-411a-98cb-f11a2157a5c7.png,"[736, 2282, 187, 151]",text,ios,mobile,0.5743589743589741,check messages,"[1075, 2346]",F2cCreSdv2KeTsERMbGpiP,merged-llava-v1.5-vicuna-7b-16k-13m_v1,False,"[736, 2282, 923, 2433]"
458,mobile_a14fb632-fab9-4537-8c7b-8c650fd91bd7.png,"[970, 1397, 111, 122]",icon,ios,mobile,0.5743589743589741,favorite the music,"[854, 1455]",dwtMjJqrLx3zYWLmcx8pi5,merged-llava-v1.5-vicuna-7b-16k-13m_v1,False,"[970, 1397, 1081, 1519]"
460,mobile_a14fb632-fab9-4537-8c7b-8c650fd91bd7.png,"[747, 1866, 137, 137]",icon,ios,mobile,0.5743589743589741,view comments,"[1035, 1836]",U4j4warvzp2bRTukQh9QAH,merged-llava-v1.5-vicuna-7b-16k-13m_v1,False,"[747, 1866, 884, 2003]"
462,mobile_a14fb632-fab9-4537-8c7b-8c650fd91bd7.png,"[780, 2150, 101, 109]",icon,ios,mobile,0.5743589743589741,next song,"[585, 2202]",3ZFw5m6ZBUrtd7QXrdBC4g,merged-llava-v1.5-vicuna-7b-16k-13m_v1,False,"[780, 2150, 881, 2259]"
466,mobile_9bd1779a-91ee-4a59-8904-3850434b1421.png,"[1022, 145, 118, 118]",icon,ios,mobile,0.5743589743589741,write a message,"[585, 1871]",D7KXN4SL8ZaXkM8tuu28vW,merged-llava-v1.5-vicuna-7b-16k-13m_v1,False,"[1022, 145, 1140, 263]"
470,mobile_8d5dea76-69b8-4076-82ef-38b2fb8a1b30.png,"[796, 1704, 244, 224]",icon,android,mobile,0.622222222222222,customize focus time,"[540, 1788]",bvfDg5bxsQc4Pa6MXAiRPL,merged-llava-v1.5-vicuna-7b-16k-13m_v1,False,"[796, 1704, 1040, 1928]"
471,mobile_b012267b-fcd6-4d0c-991a-f2a4afd0a2ff.png,"[194, 883, 102, 447]",icon,android,mobile,0.622222222222222,check tuesday data details,"[242, 1644]",6xocLtR5xJdqyabLtCjQnR,merged-llava-v1.5-vicuna-7b-16k-13m_v1,False,"[194, 883, 296, 1330]"
472,mobile_b012267b-fcd6-4d0c-991a-f2a4afd0a2ff.png,"[524, 386, 500, 175]",text,android,mobile,0.622222222222222,display data by week,"[540, 1014]",dPq9qApxDwTCZu34T7otdJ,merged-llava-v1.5-vicuna-7b-16k-13m_v1,False,"[524, 386, 1024, 561]"
473,mobile_b012267b-fcd6-4d0c-991a-f2a4afd0a2ff.png,"[503, 240, 513, 142]",text,android,mobile,0.622222222222222,switch to focus mode,"[98, 168]",M4KqEcE3QSmWEJBoKFQWUg,merged-llava-v1.5-vicuna-7b-16k-13m_v1,False,"[503, 240, 1016, 382]"
478,mobile_db3c83d0-b179-4661-88d4-baf938bcf477.png,"[922, 114, 106, 114]",icon,android,mobile,0.622222222222222,scan qr code,"[540, 936]",8TaHsThVQqDUhBmfPeYndh,merged-llava-v1.5-vicuna-7b-16k-13m_v1,False,"[922, 114, 1028, 228]"
484,mobile_5c883ab7-6769-436e-a677-96b0f5a4c950.png,"[27, 118, 187, 102]",text,android,mobile,0.622222222222222,open photo,"[540, 1171]",B2bpQFmAo3bteYCwhF5PSB,merged-llava-v1.5-vicuna-7b-16k-13m_v1,False,"[27, 118, 214, 220]"
485,mobile_5c883ab7-6769-436e-a677-96b0f5a4c950.png,"[983, 130, 73, 102]",icon,android,mobile,0.622222222222222,enter settings,"[540, 1171]",n5LtQ6afheybQbxgZcdfTw,merged-llava-v1.5-vicuna-7b-16k-13m_v1,False,"[983, 130, 1056, 232]"
507,mobile_dc3bbcd3-d7bb-4ce2-be50-eb6f564d2ddc.png,"[48, 236, 334, 175]",text,android,mobile,0.622222222222222,display recent opened files,"[180, 644]",XuxuURGcfjMjTSKvNPvyeo,merged-llava-v1.5-vicuna-7b-16k-13m_v1,False,"[48, 236, 382, 411]"
510,mobile_74f38270-ccc5-423e-813e-b7f1ac6ff665.png,"[540, 561, 252, 289]",text,android,mobile,0.622222222222222,display all videos,"[975, 163]",ASQRzBqvnibzHweb67ufk7,merged-llava-v1.5-vicuna-7b-16k-13m_v1,False,"[540, 561, 792, 850]"
511,mobile_74f38270-ccc5-423e-813e-b7f1ac6ff665.png,"[284, 1200, 252, 321]",icon,android,mobile,0.622222222222222,display all photos ,"[948, 162]",jLt6byykQGRhDQbokn2n7r,merged-llava-v1.5-vicuna-7b-16k-13m_v1,False,"[284, 1200, 536, 1521]"
514,mobile_275415f1-ade1-4210-9e92-8f998a671c96.png,"[723, 1013, 106, 89]",icon,android,mobile,0.622222222222222,create a new folder,"[673, 658]",KjcghfkgA7qERWGiHUnLD9,merged-llava-v1.5-vicuna-7b-16k-13m_v1,False,"[723, 1013, 829, 1102]"
515,mobile_275415f1-ade1-4210-9e92-8f998a671c96.png,"[60, 220, 313, 171]",text,android,mobile,0.622222222222222,display recent opened files,"[152, 675]",bo4z2eTJMfY8KjEPMSP59f,merged-llava-v1.5-vicuna-7b-16k-13m_v1,False,"[60, 220, 373, 391]"
519,mobile_4fafbd92-0af2-4b02-9cf8-952227fd9993.png,"[796, 1017, 220, 155]",icon,android,mobile,0.622222222222222,open clock at 3,"[540, 1097]",eiPW6qsGsCCRkSZqYp5iMy,merged-llava-v1.5-vicuna-7b-16k-13m_v1,False,"[796, 1017, 1016, 1172]"
520,mobile_4fafbd92-0af2-4b02-9cf8-952227fd9993.png,"[837, 2042, 175, 114]",icon,android,mobile,0.622222222222222,close clock at 6,"[540, 2129]",JMUJfcud8dfynVfNH6KMBE,merged-llava-v1.5-vicuna-7b-16k-13m_v1,False,"[837, 2042, 1012, 2156]"
522,mobile_2b80c9bf-0040-492e-8dca-d81cc9042b5a.png,"[97, 1228, 435, 106]",text,android,mobile,0.622222222222222,set timer for created task,"[318, 1642]",2zJMfaGFwSvj2aMsWr6kLE,merged-llava-v1.5-vicuna-7b-16k-13m_v1,False,"[97, 1228, 532, 1334]"
523,mobile_2b80c9bf-0040-492e-8dca-d81cc9042b5a.png,"[800, 1261, 203, 65]",text,android,mobile,0.622222222222222,done,"[890, 1621]",nYF49osfpfhPbjenab29N6,merged-llava-v1.5-vicuna-7b-16k-13m_v1,False,"[800, 1261, 1003, 1326]"
524,mobile_2b80c9bf-0040-492e-8dca-d81cc9042b5a.png,"[894, 1554, 155, 98]",icon,android,mobile,0.622222222222222,fold input method,"[964, 2103]",9hkWztzN9Xvk4g6QdziUm5,merged-llava-v1.5-vicuna-7b-16k-13m_v1,False,"[894, 1554, 1049, 1652]"
527,mobile_caaf7ec0-c1ee-4edc-8b42-37bfa11c4dd3.png,"[44, 260, 325, 146]",text,android,mobile,0.622222222222222,open notes,"[540, 710]",cTiKszSEyQ39r4v9GM5t77,merged-llava-v1.5-vicuna-7b-16k-13m_v1,False,"[44, 260, 369, 406]"
531,mobile_165687dd-c6c2-4f44-a84d-3e9a2af95ffe.png,"[589, 240, 163, 159]",text,android,mobile,0.622222222222222,display calendar by days,"[135, 290]",2UMto3y98yWRMWPx4hPrgr,merged-llava-v1.5-vicuna-7b-16k-13m_v1,False,"[589, 240, 752, 399]"
534,mobile_414acb14-025e-462a-9d1c-6410df04db7f.png,"[926, 114, 118, 126]",icon,android,mobile,0.622222222222222,open options,"[90, 170]",7YgUZRqkakMXxW3se56D6N,merged-llava-v1.5-vicuna-7b-16k-13m_v1,False,"[926, 114, 1044, 240]"
538,mobile_d17dfa46-fc13-4f38-9261-3f9f7171067b.png,"[36, 1302, 1009, 216]",text,android,mobile,0.622222222222222,set default wallent,"[922, 1165]",cv3tChtBJh6irQ4XjeTawJ,merged-llava-v1.5-vicuna-7b-16k-13m_v1,False,"[36, 1302, 1045, 1518]"
540,mobile_0dcb6532-d25e-4bb0-8746-ccdbec623bce.png,"[931, 130, 110, 98]",icon,android,mobile,0.622222222222222,scan qr code,"[540, 414]",49EBa4D4JhakGua4RreXmE,merged-llava-v1.5-vicuna-7b-16k-13m_v1,False,"[931, 130, 1041, 228]"
542,mobile_6e08b93a-9271-40ac-9dd0-f1f95f8d8675.png,"[808, 1611, 203, 94]",icon,android,mobile,0.622222222222222,open auto-rotate screen,"[540, 1656]",mn2UDNFC8QVrpZ354CBXHM,merged-llava-v1.5-vicuna-7b-16k-13m_v1,False,"[808, 1611, 1011, 1705]"
548,mobile_3607031a-15bb-48cd-a2e6-84a7ce433173.png,"[40, 1192, 1009, 167]",text,android,mobile,0.622222222222222,display options,"[122, 1655]",UwrxM6m9Snm3FjywYdUmwQ,merged-llava-v1.5-vicuna-7b-16k-13m_v1,False,"[40, 1192, 1049, 1359]"
552,mobile_04545977-3f36-4a33-a787-72ec8a9dd4f2.png,"[894, 106, 155, 142]",icon,android,mobile,0.622222222222222, battery options,"[540, 615]",MhXeuVyK5Mwpca4mQex3zn,merged-llava-v1.5-vicuna-7b-16k-13m_v1,False,"[894, 106, 1049, 248]"
553,mobile_04545977-3f36-4a33-a787-72ec8a9dd4f2.png,"[686, 842, 374, 212]",icon,android,mobile,0.622222222222222,change battery setting for better performance,"[900, 1186]",PM23PzkhzkQeS5fsqFhrHT,merged-llava-v1.5-vicuna-7b-16k-13m_v1,False,"[686, 842, 1060, 1054]"
554,mobile_04545977-3f36-4a33-a787-72ec8a9dd4f2.png,"[804, 1131, 224, 146]",icon,android,mobile,0.622222222222222,open ultra battery saver,"[540, 1187]",UsoVg4X6BMVoanC6o4Es5K,merged-llava-v1.5-vicuna-7b-16k-13m_v1,False,"[804, 1131, 1028, 1277]"
555,mobile_3b5ab7d3-8e84-4be1-83ba-801882db294b.png,"[80, 1102, 191, 199]",icon,android,mobile,0.622222222222222,clear,"[405, 1202]",SayyJvb3VCxoEZTb79fLjw,merged-llava-v1.5-vicuna-7b-16k-13m_v1,False,"[80, 1102, 271, 1301]"
559,mobile_cebc7e07-8ab3-4232-acdd-aa2884af2e66.png,"[15, 476, 183, 142]",icon,android,mobile,0.622222222222222,open gmail,"[964, 1856]",2YezcMdsafte33qoagjWyF,merged-llava-v1.5-vicuna-7b-16k-13m_v1,False,"[15, 476, 198, 618]"
564,mobile_569a4f5a-01f0-4386-89ba-768e1f88d38e.png,"[577, 2180, 207, 183]",text,android,mobile,0.622222222222222,display wearing device,"[837, 832]",c5ZJZe5hJDh3zw94ogMGAu,merged-llava-v1.5-vicuna-7b-16k-13m_v1,False,"[577, 2180, 784, 2363]"
571,mobile_df5320bc-03e4-4e4e-bcc2-67cfd9b344ec.png,"[402, 260, 256, 203]",icon,android,mobile,0.622222222222222,show week steps recordings,"[540, 948]",BVY88itUtD2CChoht3hS4c,merged-llava-v1.5-vicuna-7b-16k-13m_v1,False,"[402, 260, 658, 463]"
572,mobile_df5320bc-03e4-4e4e-bcc2-67cfd9b344ec.png,"[699, 256, 301, 195]",icon,android,mobile,0.622222222222222,show steps recording by month,"[540, 949]",35vzBBAcscFUaSRZBdVLtb,merged-llava-v1.5-vicuna-7b-16k-13m_v1,False,"[699, 256, 1000, 451]"
574,mobile_e277f0fc-fe73-4304-9d8e-2bc4613e1986.png,"[40, 232, 484, 590]",icon,android,mobile,0.622222222222222,check sleeping time,"[705, 2065]",m3UvoRbDBS5yhPvTjjuvfQ,merged-llava-v1.5-vicuna-7b-16k-13m_v1,False,"[40, 232, 524, 822]"
577,mobile_f515dd3d-41eb-4fe9-b74a-ac66e60a8b75.png,"[548, 2091, 435, 171]",text,android,mobile,0.622222222222222,agree,"[540, 1923]",oKcR4CpMTSFWwhmyXqaECU,merged-llava-v1.5-vicuna-7b-16k-13m_v1,False,"[548, 2091, 983, 2262]"
581,mobile_63949247-1001-4d4e-9f49-81c85f7308e8.png,"[735, 1713, 334, 301]",icon,android,mobile,0.622222222222222,raise air conditioner temperature,"[180, 48]",RibmXniQghuDz3zon7Rz4f,merged-llava-v1.5-vicuna-7b-16k-13m_v1,False,"[735, 1713, 1069, 2014]"
591,mobile_ee2362d3-17a7-479e-9f99-fd8378aae866.png,"[68, 423, 460, 285]",icon,android,mobile,0.622222222222222,turn off wifi,"[297, 855]",3EViyK6Hqbo7sqsmsFSNxm,merged-llava-v1.5-vicuna-7b-16k-13m_v1,False,"[68, 423, 528, 708]"
593,mobile_ee2362d3-17a7-479e-9f99-fd8378aae866.png,"[902, 260, 114, 163]",icon,android,mobile,0.622222222222222,manage the outlayer,"[405, 1105]",UgvSP5GPaB9TdUH7BKuanh,merged-llava-v1.5-vicuna-7b-16k-13m_v1,False,"[902, 260, 1016, 423]"
596,mobile_f53240ec-a09f-4857-9ca1-db5fb79455c3.png,"[792, 1623, 268, 268]",text,android,mobile,0.622222222222222,open notes,"[940, 2065]",cjjwzJDonxp4tNDzzyPUzN,merged-llava-v1.5-vicuna-7b-16k-13m_v1,False,"[792, 1623, 1060, 1891]"
597,mobile_b9537ded-e771-43c7-bab4-1db747625d87.png,"[2143, 54, 80, 85]",icon,ios,mobile,0.569491525423728,add a new item,"[737, 821]",PztXh74yGMc48vsRnMi4bF,merged-llava-v1.5-vicuna-7b-16k-13m_v1,False,"[2143, 54, 2223, 139]"
600,mobile_4e17db8b-85df-4278-ba0a-9f03e5ca85da.png,"[2088, 961, 118, 74]",icon,ios,mobile,0.569491525423728,open the dark appearance dims wallpaper,"[1640, 663]",GjPh4UthwtRytVEqGTwB89,merged-llava-v1.5-vicuna-7b-16k-13m_v1,False,"[2088, 961, 2206, 1035]"
601,mobile_6ded1777-d4c3-485f-b28a-7754e0e9c024.png,"[2123, 1083, 107, 66]",icon,ios,mobile,0.569491525423728,open only draw with apple pencil,"[1617, 1132]",ZvtgaFRrkufkfMfbZVCrMJ,merged-llava-v1.5-vicuna-7b-16k-13m_v1,False,"[2123, 1083, 2230, 1149]"
603,mobile_ed417132-c4e4-41c9-adae-d150aecada69.png,"[877, 404, 600, 268]",icon,ios,mobile,0.569491525423728,open files in ipad,"[295, 1504]",bYoYeHFapvqhJJiwdNDhgJ,merged-llava-v1.5-vicuna-7b-16k-13m_v1,False,"[877, 404, 1477, 672]"
604,mobile_124e877d-d29c-45e4-bdc2-cbc729c702c9.png,"[798, 1436, 146, 148]",icon,ios,mobile,0.569491525423728,open memo app,"[995, 1501]",bRWHjtgjNUFhUQ88ESa59w,merged-llava-v1.5-vicuna-7b-16k-13m_v1,False,"[798, 1436, 944, 1584]"
605,mobile_f859f69e-20c1-4630-9435-e959c43590d5.png,"[497, 54, 74, 70]",icon,ios,mobile,0.569491525423728,add a new tab,"[205, 87]",Jc2VnzjdXUVdgBAo5wsSpZ,merged-llava-v1.5-vicuna-7b-16k-13m_v1,False,"[497, 54, 571, 124]"
610,mobile_95b2eec8-7804-474f-bf47-7c13a7a02595.png,"[974, 54, 163, 87]",icon,ios,mobile,0.569491525423728,new private window,"[1320, 101]",Lub5tJKxie6ZEUyvd6tM79,merged-llava-v1.5-vicuna-7b-16k-13m_v1,False,"[974, 54, 1137, 141]"
614,mobile_d3771dd7-e526-4b87-8971-247ca5582e85.png,"[543, 652, 113, 72]",icon,ios,mobile,0.569491525423728,stop sharing my location,"[368, 688]",adfbyjnp4ZBfVMTH24HrSF,merged-llava-v1.5-vicuna-7b-16k-13m_v1,False,"[543, 652, 656, 724]"
615,mobile_f5b4ae93-55f8-4f0c-9c9e-dda8685c37b5.png,"[1318, 180, 410, 320]",icon,ios,mobile,0.569491525423728,create a new workbook for total a list,"[442, 340]",oL9uj3dysnyjDoqP4xq648,merged-llava-v1.5-vicuna-7b-16k-13m_v1,False,"[1318, 180, 1728, 500]"
617,mobile_63cdee53-9026-46c9-9b69-639452091dcc.png,"[14, 74, 99, 99]",icon,ios,mobile,0.569491525423728,go to user account page,"[64, 542]",gMZiRA4eg4GYr97rVwQn2x,merged-llava-v1.5-vicuna-7b-16k-13m_v1,False,"[14, 74, 113, 173]"
619,mobile_3d3cacff-2019-4577-9395-21b45a0c548b.png,"[932, 780, 54, 58]",icon,ios,mobile,0.569491525423728,remove maps from the desktop,"[971, 846]",SyiAsxwupQCQgHpQL6SziJ,merged-llava-v1.5-vicuna-7b-16k-13m_v1,False,"[932, 780, 986, 838]"
620,mobile_6778b255-174f-401e-ab98-b5bbe554a141.png,"[27, 27, 128, 62]",icon,ios,mobile,0.569491525423728,add a new app to the desktop,"[1989, 207]",WLHBJpNPZULKriCuFSg3Dw,merged-llava-v1.5-vicuna-7b-16k-13m_v1,False,"[27, 27, 155, 89]"
621,mobile_6778b255-174f-401e-ab98-b5bbe554a141.png,"[928, 866, 58, 56]",icon,ios,mobile,0.569491525423728,remove chrome from the desktop,"[995, 956]",MJNmuwWWMqdwKjfmuUoAAQ,merged-llava-v1.5-vicuna-7b-16k-13m_v1,False,"[928, 866, 986, 922]"
622,mobile_e3f2b3d7-4c56-44ba-af3f-ae885a3e0dbb.png,"[2084, 543, 171, 85]",text,ios,mobile,0.569491525423728,disable icloud photos,"[1640, 607]",3LehLguTBSxSR9NjyKVU4s,merged-llava-v1.5-vicuna-7b-16k-13m_v1,False,"[2084, 543, 2255, 628]"
624,mobile_08782c89-65da-43ca-8eb6-8ca71e9f8ea7.png,"[947, 1496, 74, 82]",icon,ios,mobile,0.569491525423728,add alarm to the included controls,"[1617, 1534]",iBHYMcR2RQ4HGFkUcjg76C,merged-llava-v1.5-vicuna-7b-16k-13m_v1,False,"[947, 1496, 1021, 1578]"
626,mobile_1152be83-7090-45b9-9465-e5acc02d867d.png,"[669, 467, 243, 572]",text,ios,mobile,0.5743589743589741,switch to dark theme,"[999, 1142]",YGQEMVK94faAaw5hw8GJCd,merged-llava-v1.5-vicuna-7b-16k-13m_v1,False,"[669, 467, 912, 1039]"
638,mobile_d97a442a-6912-4a26-9387-fe5dee9b3d0a.png,"[408, 2208, 102, 222]",icon,ios,mobile,0.5743589743589741,choose watercolor brush style,"[954, 2336]",f75gRA3vPvcyBWUsnHTsXn,merged-llava-v1.5-vicuna-7b-16k-13m_v1,False,"[408, 2208, 510, 2430]"
639,mobile_d97a442a-6912-4a26-9387-fe5dee9b3d0a.png,"[885, 2262, 135, 129]",icon,ios,mobile,0.5743589743589741,adjust the color,"[585, 2331]",bXNkH62TUq55uhDkzFJbQv,merged-llava-v1.5-vicuna-7b-16k-13m_v1,False,"[885, 2262, 1020, 2391]"
641,mobile_d3865883-8214-4bff-9834-13987580abe8.png,"[771, 956, 321, 261]",icon,ios,mobile,0.5743589743589741,add a circle,"[585, 2165]",PTeFTqNStLszn6xkP4iwcr,merged-llava-v1.5-vicuna-7b-16k-13m_v1,False,"[771, 956, 1092, 1217]"
648,mobile_f6f4bdd0-01eb-41a4-b696-42fcc45097b6.png,"[870, 857, 255, 198]",text,ios,mobile,0.5743589743589741,"choose the place called ""香港广场""","[663, 1237]",msswr94qQtHdXR3DwavnFF,merged-llava-v1.5-vicuna-7b-16k-13m_v1,False,"[870, 857, 1125, 1055]"
662,mobile_6126718c-82ef-4406-8d00-3d4bf7a414c4.png,"[40, 1756, 1091, 240]",text,ios,mobile,0.5743589743589741,view the outdoor cycle report,"[585, 2115]",3rHFuBYQzjiZW5ySZUBFa9,merged-llava-v1.5-vicuna-7b-16k-13m_v1,False,"[40, 1756, 1131, 1996]"
667,mobile_39d89f43-f1df-40b7-a0db-eef4bc2521d0.png,"[963, 956, 174, 120]",icon,ios,mobile,0.5743589743589741,set an alarm for 7:40,"[585, 1901]",MsQLfRa3wXgcH6HfNyzVUq,merged-llava-v1.5-vicuna-7b-16k-13m_v1,False,"[963, 956, 1137, 1076]"
669,mobile_085c4ffc-e423-4798-a09f-702ded3d1987.png,"[912, 366, 177, 117]",icon,ios,mobile,0.5743589743589741,open hide sensitive information when switching tasks,"[585, 466]",RBaBcd39wEAxsDRryCNTxj,merged-llava-v1.5-vicuna-7b-16k-13m_v1,False,"[912, 366, 1089, 483]"
671,mobile_9f4d72cc-149d-4613-b19a-759ee34d8a47.png,"[459, 360, 108, 99]",icon,ios,mobile,0.5743589743589741,close the tab with the apple official website,"[1067, 402]",FuJuzEHxvr2JPB4gzZ3gzc,merged-llava-v1.5-vicuna-7b-16k-13m_v1,False,"[459, 360, 567, 459]"
677,mobile_7532d8a8-0ee9-4aa6-9780-de5b481ef137.png,"[444, 881, 270, 102]",text,ios,mobile,0.5743589743589741,add profile picture,"[585, 640]",5JBYBmjur5C6MGgRHNzSSP,merged-llava-v1.5-vicuna-7b-16k-13m_v1,False,"[444, 881, 714, 983]"
680,mobile_bed2b5e8-9102-405e-80f3-85207ed1bbf0.png,"[569, 393, 437, 451]",icon,android,mobile,0.622222222222222,take short video,"[324, 1353]",8KEEGBd65WTQj2FkCAso7a,merged-llava-v1.5-vicuna-7b-16k-13m_v1,False,"[569, 393, 1006, 844]"
682,mobile_97ca06a1-8d37-4ece-b7ed-79517c61da2f.png,"[237, 556, 386, 65]",text,android,mobile,0.622222222222222,display more detials,"[540, 546]",B6RCKygy78fCwszvw4fRsM,merged-llava-v1.5-vicuna-7b-16k-13m_v1,False,"[237, 556, 623, 621]"
684,mobile_f6431461-6800-4054-a29d-d74b01514198.png,"[905, 105, 123, 130]",icon,android,mobile,0.622222222222222,settings,"[810, 167]",YgCK5RhWPimct8FUqNXpiT,merged-llava-v1.5-vicuna-7b-16k-13m_v1,False,"[905, 105, 1028, 235]"
686,mobile_b099c8b7-0ff4-404b-a1a2-10691a313a8b.png,"[699, 134, 126, 108]",icon,android,mobile,0.622222222222222,open dynamic shot,"[956, 1631]",nSvkNmrHrXuo5z5vADtx9t,merged-llava-v1.5-vicuna-7b-16k-13m_v1,False,"[699, 134, 825, 242]"
692,mobile_13b715bb-dd6e-462c-80f3-3ea629b114c0.png,"[28, 235, 909, 159]",text,android,mobile,0.622222222222222,input to change the meeting's title,"[540, 988]",Xk2ujuakqY8X6RFyvpLeuU,merged-llava-v1.5-vicuna-7b-16k-13m_v1,False,"[28, 235, 937, 394]"
695,mobile_53e09f46-876e-4552-9037-ae4ef338dad3.png,"[85, 115, 119, 108]",icon,android,mobile,0.622222222222222,search,"[438, 167]",civR6jnQ3MH74FDdNStke7,merged-llava-v1.5-vicuna-7b-16k-13m_v1,False,"[85, 115, 204, 223]"
696,mobile_53e09f46-876e-4552-9037-ae4ef338dad3.png,"[46, 404, 989, 134]",text,android,mobile,0.622222222222222,show all news&magzaines apps,"[540, 2237]",Wfz73XHq7Z6nLPtsBVb9Nw,merged-llava-v1.5-vicuna-7b-16k-13m_v1,False,"[46, 404, 1035, 538]"
698,mobile_07c1d6c0-7f94-457e-94b4-1e855dc1aded.png,"[392, 429, 144, 152]",icon,android,mobile,0.622222222222222,play video,"[540, 511]",FKE7BDoKq3vVzLomFd5NVx,merged-llava-v1.5-vicuna-7b-16k-13m_v1,False,"[392, 429, 536, 581]"
702,mobile_97752e81-d94b-49a1-8cb2-709395d63372.png,"[28, 112, 188, 115]",text,android,mobile,0.622222222222222,cancel,"[993, 1742]",UqnDQAJdsEvSPmYd8Nt3YM,merged-llava-v1.5-vicuna-7b-16k-13m_v1,False,"[28, 112, 216, 227]"
708,mobile_b92938f8-6822-49e4-9612-67debab64e9d.png,"[0, 105, 114, 105]",icon,android,mobile,0.622222222222222,more functions,"[540, 1656]",FFuSRnd6ZaN3JRVG2uq98p,merged-llava-v1.5-vicuna-7b-16k-13m_v1,False,"[0, 105, 114, 210]"
710,mobile_aacb7bd4-e54a-4798-876a-eef079e17b2d.png,"[630, 1924, 426, 184]",icon,android,mobile,0.622222222222222,1,"[945, 1071]",cAAswDh4p2tZktdvQSjwye,merged-llava-v1.5-vicuna-7b-16k-13m_v1,False,"[630, 1924, 1056, 2108]"
711,mobile_aacb7bd4-e54a-4798-876a-eef079e17b2d.png,"[569, 1021, 134, 108]",icon,android,mobile,0.622222222222222,display ip address,"[810, 1070]",JnLYVChFZksKp4RzpMWmUt,merged-llava-v1.5-vicuna-7b-16k-13m_v1,False,"[569, 1021, 703, 1129]"
713,mobile_674f6746-05c0-4e7d-93de-adf054f0eaf6.png,"[926, 119, 126, 101]",icon,android,mobile,0.622222222222222,post a new article,"[540, 162]",MvGd59m8moXUjjjTp8WK7C,merged-llava-v1.5-vicuna-7b-16k-13m_v1,False,"[926, 119, 1052, 220]"
716,mobile_b7323848-f2e7-492c-95aa-e33e731ff196.png,"[757, 119, 126, 94]",icon,android,mobile,0.622222222222222,scan qr code,"[540, 2286]",Xs6tonotvr2jyqHRpvvfXM,merged-llava-v1.5-vicuna-7b-16k-13m_v1,False,"[757, 119, 883, 213]"
725,mobile_a1c4c142-4b8e-4db8-a74f-f84f047cbf46.png,"[46, 675, 466, 256]",text,android,mobile,0.622222222222222,persuit 9.9 as telephone fee,"[223, 388]",oM9U75JP2Hk3uCE5xQB4oL,merged-llava-v1.5-vicuna-7b-16k-13m_v1,False,"[46, 675, 512, 931]"
726,mobile_a1c4c142-4b8e-4db8-a74f-f84f047cbf46.png,"[515, 935, 476, 292]",text,android,mobile,0.622222222222222,pay 99 rmb for telephone bill,"[228, 395]",fe4mj2BZJs3kC8Bjdw8nJx,merged-llava-v1.5-vicuna-7b-16k-13m_v1,False,"[515, 935, 991, 1227]"
730,mobile_8d60dcfe-4771-4a34-9053-9195df7264c9.png,"[49, 1353, 1011, 180]",text,android,mobile,0.622222222222222,display phone billings,"[136, 1849]",eNdsXueLxj9SJXiJTb2HfQ,merged-llava-v1.5-vicuna-7b-16k-13m_v1,False,"[49, 1353, 1060, 1533]"
735,mobile_71a65a77-a4ba-4853-9530-5e781cbbaa67.png,"[266, 1707, 552, 105]",text,android,mobile,0.622222222222222,show policy agreement,"[540, 2193]",Nu37CiaWBdEgkDPbV82aj5,merged-llava-v1.5-vicuna-7b-16k-13m_v1,False,"[266, 1707, 818, 1812]"
738,mobile_48d10f78-a92e-43fb-ace1-c1a4f5bccb90.png,"[92, 1245, 451, 462]",text,android,mobile,0.622222222222222,approximent location,"[779, 1417]",WzS3bxSpH2sMH2znLGoU85,merged-llava-v1.5-vicuna-7b-16k-13m_v1,False,"[92, 1245, 543, 1707]"
740,mobile_41049254-5e60-485c-b974-174ad6e98bd0.png,"[728, 318, 141, 87]",icon,android,mobile,0.622222222222222,edit the overlay of this page,"[83, 710]",AUgdxQnpksVo6J2oaYu3x9,merged-llava-v1.5-vicuna-7b-16k-13m_v1,False,"[728, 318, 869, 405]"
745,mobile_b4e274d0-a7b6-4cad-97ee-5581ef41c6a0.png,"[13, 1180, 1047, 253]",text,android,mobile,0.622222222222222,use shool group template,"[540, 1489]",WJrMPo4Yorzg8JNsq5GrBP,merged-llava-v1.5-vicuna-7b-16k-13m_v1,False,"[13, 1180, 1060, 1433]"
752,mobile_f0b711c8-ab3c-4af5-b43b-452a718637ae.png,"[56, 819, 476, 166]",text,android,mobile,0.622222222222222,add status,"[729, 898]",G6u6fgvJyomLf7KSPeUwUR,merged-llava-v1.5-vicuna-7b-16k-13m_v1,False,"[56, 819, 532, 985]"
754,mobile_f0b711c8-ab3c-4af5-b43b-452a718637ae.png,"[71, 1364, 935, 162]",text,android,mobile,0.622222222222222,add a avater,"[540, 1288]",JinHvBN3Exb9XsobNDGiMs,merged-llava-v1.5-vicuna-7b-16k-13m_v1,False,"[71, 1364, 1006, 1526]"
756,mobile_b84d7f20-7c25-4613-829f-6c620e223593.png,"[125, 126, 321, 112]",text,android,mobile,0.622222222222222,show news,"[540, 171]",ZURbpv9gQSHkMjorHQf4hE,merged-llava-v1.5-vicuna-7b-16k-13m_v1,False,"[125, 126, 446, 238]"
758,mobile_1931c317-b01b-46c9-8c28-a5b81ad5495b.png,"[53, 1292, 437, 137]",text,android,mobile,0.622222222222222,copy text,"[540, 695]",B4i8v6aGTAh698dXjUEDba,merged-llava-v1.5-vicuna-7b-16k-13m_v1,False,"[53, 1292, 490, 1429]"
762,mobile_df977636-55ed-4c99-8ff1-569ef8e6c78a.png,"[937, 97, 126, 126]",icon,android,mobile,0.622222222222222,display more functional icon,"[945, 940]",QF6yPjqpei9VfyT6oBz7fy,merged-llava-v1.5-vicuna-7b-16k-13m_v1,False,"[937, 97, 1063, 223]"
765,mobile_c988d05c-1c6d-4b0d-aacb-eafb866320fb.png,"[865, 1985, 188, 191]",text,android,mobile,0.622222222222222,post a new twit,"[540, 1923]",ZYGbLnf4an998VoU3rZnva,merged-llava-v1.5-vicuna-7b-16k-13m_v1,False,"[865, 1985, 1053, 2176]"
766,mobile_c988d05c-1c6d-4b0d-aacb-eafb866320fb.png,"[908, 2220, 134, 130]",icon,android,mobile,0.622222222222222,show all message ,"[1022, 486]",iHoVUV6RgjYY7nPgxYem4j,merged-llava-v1.5-vicuna-7b-16k-13m_v1,False,"[908, 2220, 1042, 2350]"
768,mobile_8f5ecfa3-33b9-4306-bc67-87aacadfc45b.png,"[883, 473, 170, 144]",icon,android,mobile,0.622222222222222,auto play video and gif in wifi or use traffic,"[540, 541]",J3VkrMffaApJKsDqF2GoxR,merged-llava-v1.5-vicuna-7b-16k-13m_v1,False,"[883, 473, 1053, 617]"
770,mobile_a84e2cd2-1d45-42c1-8e2e-5c06fa3419af.png,"[38, 1833, 245, 184]",icon,android,mobile,0.622222222222222,share to weibo,"[135, 2119]",8Ev9Pg9FAuQJP5p8wf5rMf,merged-llava-v1.5-vicuna-7b-16k-13m_v1,False,"[38, 1833, 283, 2017]"
773,mobile_99daacb4-408c-4cdf-8f14-2c01675fda1f.png,"[868, 1346, 101, 119]",icon,android,mobile,0.622222222222222,set to biggest font size,"[993, 1774]",HW7iKpoU8FiiFJsJjS7bAa,merged-llava-v1.5-vicuna-7b-16k-13m_v1,False,"[868, 1346, 969, 1465]"
776,mobile_597cf265-2586-43ab-8048-99e06141f39f.png,"[919, 473, 123, 134]",icon,android,mobile,0.622222222222222,flod this content,"[956, 1840]",RDr5RN233MuBKgBkjex4LK,merged-llava-v1.5-vicuna-7b-16k-13m_v1,False,"[919, 473, 1042, 607]"
777,mobile_597cf265-2586-43ab-8048-99e06141f39f.png,"[623, 296, 260, 90]",icon,android,mobile,0.622222222222222,share,"[956, 342]",LU6rNNpvw5snMg2Axdim2i,merged-llava-v1.5-vicuna-7b-16k-13m_v1,False,"[623, 296, 883, 386]"
778,mobile_597cf265-2586-43ab-8048-99e06141f39f.png,"[6, 119, 144, 115]",icon,android,mobile,0.622222222222222,more options,"[943, 527]",biHvSYVGGvhNg8RbyXjYvr,merged-llava-v1.5-vicuna-7b-16k-13m_v1,False,"[6, 119, 150, 234]"
785,mobile_bce7a892-9cb2-432a-b678-2429d4f51d3d.png,"[919, 134, 115, 148]",icon,android,mobile,0.622222222222222,show all downloading apps,"[540, 194]",AZwmXosLEfj7o3XWArYrGw,merged-llava-v1.5-vicuna-7b-16k-13m_v1,False,"[919, 134, 1034, 282]"
786,mobile_bce7a892-9cb2-432a-b678-2429d4f51d3d.png,"[594, 278, 260, 76]",text,android,mobile,0.622222222222222,show softwares,"[540, 196]",jkyJPfFZdi5yVUhMccp9uQ,merged-llava-v1.5-vicuna-7b-16k-13m_v1,False,"[594, 278, 854, 354]"
787,mobile_daf338f0-ebfc-488e-9a55-f8cc03394148.png,"[836, 1433, 195, 108]",text,android,mobile,0.622222222222222,view details,"[540, 932]",kn7VzvSqge28KvBQdSVLgg,merged-llava-v1.5-vicuna-7b-16k-13m_v1,False,"[836, 1433, 1031, 1541]"
788,mobile_daf338f0-ebfc-488e-9a55-f8cc03394148.png,"[847, 715, 198, 155]",text,android,mobile,0.622222222222222,update application,"[943, 470]",k9Ps5PvD5FKX5eESoXu6sJ,merged-llava-v1.5-vicuna-7b-16k-13m_v1,False,"[847, 715, 1045, 870]"
794,mobile_6ad7dd8f-82d3-4e73-b437-667dc1b24574.png,"[28, 253, 668, 159]",text,android,mobile,0.622222222222222,switch to a new scence,"[1012, 168]",a5U9edoKAF5yUPoo5xYB28,merged-llava-v1.5-vicuna-7b-16k-13m_v1,False,"[28, 253, 696, 412]"
795,mobile_6ad7dd8f-82d3-4e73-b437-667dc1b24574.png,"[392, 1245, 108, 134]",icon,android,mobile,0.622222222222222,open landlanp,"[1006, 168]",YG2bA2kTYkRRJrbd9sH4As,merged-llava-v1.5-vicuna-7b-16k-13m_v1,False,"[392, 1245, 500, 1379]"
796,mobile_5a0b24f9-66fe-4593-bcf5-4752d5332bcf.png,"[45, 509, 1078, 134]",icon,ios,mobile,0.5743589743589741,switching between 4g and 5g,"[999, 442]",8UMVREKX6TJDepE7VMDawU,merged-llava-v1.5-vicuna-7b-16k-13m_v1,False,"[45, 509, 1123, 643]"
805,mobile_59fde6e1-8df2-4009-ad8d-aa44bffd2bf2.png,"[940, 155, 210, 113]",text,ios,mobile,0.5743589743589741,canel password input,"[585, 957]",jahXWAPpiAy8uDK2Jr9Qtf,merged-llava-v1.5-vicuna-7b-16k-13m_v1,False,"[940, 155, 1150, 268]"
807,mobile_46f8e4b9-c563-43f2-a651-4b1e80ee9907.png,"[915, 1565, 166, 111]",icon,ios,mobile,0.5743589743589741,open app automatic download,"[585, 2007]",LUFVYXtv8asdFFwQNNqgZT,merged-llava-v1.5-vicuna-7b-16k-13m_v1,False,"[915, 1565, 1081, 1676]"
810,mobile_c47a7b32-1c13-414c-af34-f8ec2c7a0731.png,"[917, 483, 162, 116]",icon,ios,mobile,0.5743589743589741,open automatic download with cellular,"[585, 802]",LGW5EQpNfLthGkxQkkTgNB,merged-llava-v1.5-vicuna-7b-16k-13m_v1,False,"[917, 483, 1079, 599]"
821,mobile_6e041214-1095-476a-8779-04db83de5781.png,"[51, 1330, 504, 158]",text,ios,mobile,0.5743589743589741,play this album,"[585, 658]",VwGgufDzmArKC46rAbDZtP,merged-llava-v1.5-vicuna-7b-16k-13m_v1,False,"[51, 1330, 555, 1488]"
825,mobile_ec01cb13-de9a-4a4b-9a79-5f810b034474.png,"[509, 2276, 151, 141]",icon,ios,mobile,0.5743589743589741,use airplay,"[877, 1936]",PfhwuAffLFA2oppeUC9nif,merged-llava-v1.5-vicuna-7b-16k-13m_v1,False,"[509, 2276, 660, 2417]"
826,mobile_ec01cb13-de9a-4a4b-9a79-5f810b034474.png,"[810, 2278, 151, 141]",icon,ios,mobile,0.5743589743589741,check the play list,"[992, 1511]",JBxobERVDcyrdRievkawGq,merged-llava-v1.5-vicuna-7b-16k-13m_v1,False,"[810, 2278, 961, 2419]"
833,mobile_c9fe8f06-aa80-4f6a-abe2-5886567fdea3.png,"[198, 2276, 151, 141]",icon,ios,mobile,0.5743589743589741,switch to song lyric,"[275, 1937]",ckGQ4wi4XsNjpSEhBpo9ZG,merged-llava-v1.5-vicuna-7b-16k-13m_v1,False,"[198, 2276, 349, 2417]"
835,mobile_c9fe8f06-aa80-4f6a-abe2-5886567fdea3.png,"[970, 521, 118, 122]",icon,ios,mobile,0.5743589743589741,sequential music playback,"[585, 1936]",fUywVutTjnHAWB9NgeZjRc,merged-llava-v1.5-vicuna-7b-16k-13m_v1,False,"[970, 521, 1088, 643]"
837,web_213f816e-8e80-4d13-970d-1347bbc7a2a8.png,"[2401, 14, 111, 68]",icon,gitlab,web,0.525,view my account,"[2339, 47]",VvkoJUvQ83Rx73nvhuUjcy,merged-llava-v1.5-vicuna-7b-16k-13m_v1,False,"[2401, 14, 2512, 82]"
839,web_e40f1b3f-0f26-4313-a6a2-d79e1047951b.png,"[1753, 8, 112, 77]",icon,gitlab,web,0.525,add a new one,"[2200, 47]",8CWjLzqxyhF3Hu5hVC4fze,merged-llava-v1.5-vicuna-7b-16k-13m_v1,False,"[1753, 8, 1865, 85]"
840,web_fd8d71f6-4229-4458-a77e-7d8a6347c8e9.png,"[2044, 96, 481, 187]",icon,gitlab,web,0.525,go to personal homepage,"[60, 47]",GKePp8EFnHKi2eEBKoDNG5,merged-llava-v1.5-vicuna-7b-16k-13m_v1,False,"[2044, 96, 2525, 283]"
847,web_7a5f6ad5-ec34-4693-ac45-136547757893.png,"[1883, 451, 119, 71]",icon,gitlab,web,0.525,set reminder,"[659, 1091]",NJFKPhSumBaB3fcSg7CVx4,merged-llava-v1.5-vicuna-7b-16k-13m_v1,False,"[1883, 451, 2002, 522]"
848,web_7a5f6ad5-ec34-4693-ac45-136547757893.png,"[2330, 959, 167, 70]",text,gitlab,web,0.525,clone this project,"[2390, 832]",AEDDz2sJBTzK56x8YjV3Nz,merged-llava-v1.5-vicuna-7b-16k-13m_v1,False,"[2330, 959, 2497, 1029]"
852,web_6c677961-e540-4cc5-b725-5e301019a9f9.png,"[537, 606, 509, 77]",icon,gitlab,web,0.525,choose type of issue,"[805, 1424]",QDtx3Wanw3esqnjgEoDdDh,merged-llava-v1.5-vicuna-7b-16k-13m_v1,False,"[537, 606, 1046, 683]"
854,web_6c677961-e540-4cc5-b725-5e301019a9f9.png,"[2429, 778, 74, 66]",icon,gitlab,web,0.525,full screen display,"[2428, 805]",f7Zf88PUnaCarZtr7to8vU,merged-llava-v1.5-vicuna-7b-16k-13m_v1,False,"[2429, 778, 2503, 844]"
857,web_9443f61f-7d14-4e60-8297-29df73b7cbdd.png,"[2430, 317, 67, 68]",icon,gitlab,web,0.525,sort by created date,"[2320, 354]",UHVB6uAhUR6RzBsW9mGu2Z,merged-llava-v1.5-vicuna-7b-16k-13m_v1,False,"[2430, 317, 2497, 385]"
861,web_6b685114-53fc-40a1-ac42-3b8fbdd27fdd.png,"[782, 372, 64, 51]",icon,gitlab,web,0.525,delete the byte blaze assignee,"[2120, 400]",YccLtwvQWU4j7Xsbv48buT,merged-llava-v1.5-vicuna-7b-16k-13m_v1,False,"[782, 372, 846, 423]"
866,web_b97bb6a3-999c-463a-b957-5584c14c8395.png,"[1875, 204, 79, 78]",icon,gitlab,web,0.525,more information,"[2331, 47]",emLMkah8qBLg9Ut3Qogcps,merged-llava-v1.5-vicuna-7b-16k-13m_v1,False,"[1875, 204, 1954, 282]"
869,web_e640514e-5946-4808-922f-f50c51b0da78.png,"[2371, 124, 66, 66]",icon,gitlab,web,0.525,edit my profile,"[2320, 43]",5FVSKdqJL2jL9HQDGCjczn,merged-llava-v1.5-vicuna-7b-16k-13m_v1,False,"[2371, 124, 2437, 190]"
870,web_e640514e-5946-4808-922f-f50c51b0da78.png,"[1072, 760, 220, 72]",text,gitlab,web,0.525,check followers,"[1939, 1013]",A5s5eFHHiMd4mwDD83aHtV,merged-llava-v1.5-vicuna-7b-16k-13m_v1,False,"[1072, 760, 1292, 832]"
872,web_8d623438-5ac7-44f8-ab67-e07309a92f4a.png,"[2407, 119, 139, 78]",text,gitlab,web,0.525,view all personal projects,"[1493, 160]",SDWcnCyw92gq3Z9qmy4RwM,merged-llava-v1.5-vicuna-7b-16k-13m_v1,False,"[2407, 119, 2546, 197]"
890,web_37acd27f-731c-4292-8caf-159b9be41189.png,"[1938, 805, 332, 97]",text,gitlab,web,0.525,have installed,"[2194, 417]",K3ryqQ4KpBemJNyCD7QBnz,merged-llava-v1.5-vicuna-7b-16k-13m_v1,False,"[1938, 805, 2270, 902]"
893,web_fa9667b8-9bc1-4c58-b4ca-bd2d96780473.png,"[109, 938, 298, 88]",text,gitlab,web,0.525,get free trial,"[2220, 140]",PHfGtWgo3KmgTSsztaH3n9,merged-llava-v1.5-vicuna-7b-16k-13m_v1,False,"[109, 938, 407, 1026]"
894,web_94a52247-8dd4-4f19-82ea-19185a9b2649.png,"[696, 1030, 280, 72]",text,gitlab,web,0.525,check api security,"[1514, 1241]",YZKn5J9Fy2TGbPG2z5haXo,merged-llava-v1.5-vicuna-7b-16k-13m_v1,False,"[696, 1030, 976, 1102]"
902,web_463c0536-492e-475c-930d-d95ee476ec3c.png,"[853, 573, 67, 63]",icon,gitlab,web,0.525,has question about visibility level,"[687, 643]",7ehvptXHsgTZVA3NBSXShf,merged-llava-v1.5-vicuna-7b-16k-13m_v1,False,"[853, 573, 920, 636]"
903,web_463c0536-492e-475c-930d-d95ee476ec3c.png,"[662, 1106, 48, 51]",icon,gitlab,web,0.525,enable static application security testing,"[657, 1131]",XA5XBvTetdeBo3NSd67BDb,merged-llava-v1.5-vicuna-7b-16k-13m_v1,False,"[662, 1106, 710, 1157]"
904,web_6d17bf02-a44b-4af7-9791-a4a59881ea3c.png,"[2430, 362, 62, 66]",icon,gitlab,web,0.525,sort by updated date,"[2300, 400]",PQ87tA3gQFkTZLNwrc8jHG,merged-llava-v1.5-vicuna-7b-16k-13m_v1,False,"[2430, 362, 2492, 428]"
908,web_3fed2169-3c3d-43e7-baaa-3bf0e0c7134c.png,"[1880, 205, 66, 67]",icon,gitlab,web,0.525,more information,"[232, 217]",S6yKuT93qBsDTPvpvEMaBr,merged-llava-v1.5-vicuna-7b-16k-13m_v1,False,"[1880, 205, 1946, 272]"
910,web_6466b8cc-deea-451a-8019-d0684052d771.png,"[1731, 1045, 71, 53]",icon,gitlab,web,0.525,comment to administrator,"[1192, 1241]",RGP5z6K56J8SFPp7yXSXcs,merged-llava-v1.5-vicuna-7b-16k-13m_v1,False,"[1731, 1045, 1802, 1098]"
915,web_4befbc37-411b-4621-8a3c-c1d95676efa1.png,"[1031, 661, 109, 66]",icon,gitlab,web,0.525,add a new file,"[1944, 695]",Qkvvzh9c3Gi7EtoqABaDBi,merged-llava-v1.5-vicuna-7b-16k-13m_v1,False,"[1031, 661, 1140, 727]"
919,web_3eca74aa-1d45-45a3-ae2b-694ae83b0068.png,"[2427, 529, 64, 63]",icon,gitlab,web,0.525,download the file,"[2409, 563]",CxvFNrPLf5xTPWraxWbtJu,merged-llava-v1.5-vicuna-7b-16k-13m_v1,False,"[2427, 529, 2491, 592]"
921,web_48737870-2f75-4199-a2d0-176d04543b2b.png,"[2427, 342, 70, 77]",icon,gitlab,web,0.525,more information of n-lab project,"[249, 380]",3JBKZcrxDncQLE3Am3FfrP,merged-llava-v1.5-vicuna-7b-16k-13m_v1,False,"[2427, 342, 2497, 419]"
930,web_921e2d81-b8a5-425a-81e6-476cd16f9bdb.png,"[172, 186, 535, 86]",text,shop,web,0.525,view detail of products,"[2320, 358]",WuPYsuBNQ4fNqfRbySNwEu,merged-llava-v1.5-vicuna-7b-16k-13m_v1,False,"[172, 186, 707, 272]"
933,web_d2dd06b0-8826-4dd6-a3b7-0d88c123a04b.png,"[1679, 607, 178, 71]",icon,shop,web,0.525,adjusting the number of displays per page,"[2268, 645]",RM9pfoEnVZNzCyQPcexFsq,merged-llava-v1.5-vicuna-7b-16k-13m_v1,False,"[1679, 607, 1857, 678]"
943,web_10e24c0f-e9af-4542-b074-5a14a7645717.png,"[1109, 4, 122, 88]",icon,shop,web,0.525,close the sales,"[89, 335]",TkGSQcKAuKQuhUnUC6VJxD,merged-llava-v1.5-vicuna-7b-16k-13m_v1,False,"[1109, 4, 1231, 92]"
946,web_dd867d69-511e-4ab2-834e-2e111c7b3198.png,"[417, 862, 353, 57]",icon,shop,web,0.525,enter search query,"[1619, 853]",Ek2z3GbQ2s5Cmd6AffwBwg,merged-llava-v1.5-vicuna-7b-16k-13m_v1,False,"[417, 862, 770, 919]"
947,web_d3f48983-3396-4249-990c-d1214fbed944.png,"[33, 1186, 231, 72]",text,shop,web,0.525,add the first product into cart,"[1638, 1356]",8fCSzCHj4MLzRhbLn3T5dB,merged-llava-v1.5-vicuna-7b-16k-13m_v1,False,"[33, 1186, 264, 1258]"
964,web_f80a102f-7b1a-40f4-ad52-193e52d0cda0.png,"[1571, 1141, 457, 82]",text,shop,web,0.525,comment to elmwood inn fine tea,"[1798, 571]",RkETBwvCVLkYkuLE4VuisT,merged-llava-v1.5-vicuna-7b-16k-13m_v1,False,"[1571, 1141, 2028, 1223]"
970,web_2595ae32-9df7-4198-a48e-6c291a1fb01c.png,"[60, 341, 130, 160]",icon,shop,web,0.525,previous images,"[320, 1238]",Rfwr5unHnBuFEuEupR7tRB,merged-llava-v1.5-vicuna-7b-16k-13m_v1,False,"[60, 341, 190, 501]"
976,web_844d70be-3743-409c-abf0-a148975fdbc8.png,"[2434, 775, 70, 66]",icon,shop,web,0.525,sort from largest to smallest,"[2312, 803]",95zowSWVHGv95iSw5LnoSC,merged-llava-v1.5-vicuna-7b-16k-13m_v1,False,"[2434, 775, 2504, 841]"
979,web_a6e78bca-0f72-405b-8bda-7c0edc617b4e.png,"[2364, 444, 146, 101]",text,shop,web,0.525,details about dead sea collection salt,"[1260, 491]",o7qqeVstPFEJK3598TGkZw,merged-llava-v1.5-vicuna-7b-16k-13m_v1,False,"[2364, 444, 2510, 545]"
984,web_b2d92416-5c93-4a09-8304-44b8d166a7c7.png,"[342, 823, 382, 67]",text,shop,web,0.525,sign up for newsletter,"[860, 748]",YhZTz8QjofvjEMiRjTXPnb,merged-llava-v1.5-vicuna-7b-16k-13m_v1,False,"[342, 823, 724, 890]"
987,web_3acb3026-cbd7-4e41-8fb7-2b8a2e7e4fcb.png,"[2472, 223, 68, 68]",icon,shop,web,0.525,close shopping cart,"[2158, 447]",9DKNW6mB23ukeVzHqqFx6h,merged-llava-v1.5-vicuna-7b-16k-13m_v1,False,"[2472, 223, 2540, 291]"
1002,web_587b0743-0e7a-4291-811b-4d6fb5510fb3.png,"[94, 1310, 135, 86]",text,forum,web,0.525,post the comment,"[249, 548]",VmmHUDZZASm5Z5zvAf69rz,merged-llava-v1.5-vicuna-7b-16k-13m_v1,False,"[94, 1310, 229, 1396]"
1004,web_89d60b8b-3f6d-4160-93d4-1791d4899455.png,"[122, 351, 56, 45]",icon,forum,web,0.525,unsupport the book,"[2179, 329]",NwyzW68XfVxrQnvWwJjUKv,merged-llava-v1.5-vicuna-7b-16k-13m_v1,False,"[122, 351, 178, 396]"
1005,web_89d60b8b-3f6d-4160-93d4-1791d4899455.png,"[304, 15, 181, 82]",text,forum,web,0.525,check the forums,"[2179, 1043]",hTk8kDPbnD9TXPW4WTPQKB,merged-llava-v1.5-vicuna-7b-16k-13m_v1,False,"[304, 15, 485, 97]"
1007,web_d146e5c3-e1ea-446c-ab84-a348fe07a1b8.png,"[320, 294, 198, 78]",text,forum,web,0.525,check the comments,"[283, 1087]",6SoM3nv4kKgyoGSLD98Bga,merged-llava-v1.5-vicuna-7b-16k-13m_v1,False,"[320, 294, 518, 372]"
1011,web_aa8f1636-1c5c-4a79-b8d9-f92956ba78e9.png,"[122, 591, 57, 49]",icon,forum,web,0.525,support the second book,"[720, 628]",hZhrcCsQMYvAL9zGuEyJvi,merged-llava-v1.5-vicuna-7b-16k-13m_v1,False,"[122, 591, 179, 640]"
1013,web_4af68da5-d7bb-4910-b434-1301097cda1f.png,"[2075, 652, 239, 86]",text,forum,web,0.525,subscribe the second book,"[2200, 480]",KpZsfgqSHJRWv3Y9bRYzuA,merged-llava-v1.5-vicuna-7b-16k-13m_v1,False,"[2075, 652, 2314, 738]"
1017,web_ab471260-bba4-4f1a-a34b-2391c3c88674.png,"[382, 592, 93, 53]",text,forum,web,0.525,replay the no.82 comment,"[401, 325]",aiki8jNwhqn8QVzHnhbuQg,merged-llava-v1.5-vicuna-7b-16k-13m_v1,False,"[382, 592, 475, 645]"
1018,web_ab471260-bba4-4f1a-a34b-2391c3c88674.png,"[1705, 1004, 96, 44]",text,forum,web,0.525,hide the no.140 comment,"[327, 1070]",T9FaJ2XkKh55HGYRbC4YS2,merged-llava-v1.5-vicuna-7b-16k-13m_v1,False,"[1705, 1004, 1801, 1048]"
1019,web_0481a1db-93fd-4d1e-9146-15526e37eacd.png,"[46, 661, 119, 59]",text,forum,web,0.525,check the profile of user knittedjedi,"[329, 788]",k6EbSp6Y4Ve6BsStkGR6Dc,merged-llava-v1.5-vicuna-7b-16k-13m_v1,False,"[46, 661, 165, 720]"
1020,web_0481a1db-93fd-4d1e-9146-15526e37eacd.png,"[129, 1078, 59, 51]",icon,forum,web,0.525,support the no. 72 comment,"[529, 1150]",QeBrCvj27GXxtTp7XURJHW,merged-llava-v1.5-vicuna-7b-16k-13m_v1,False,"[129, 1078, 188, 1129]"
1028,web_f680f8e6-e068-4ca9-9be6-2f78c2899e0a.png,"[204, 306, 129, 57]",text,forum,web,0.525,upload a image for the submission,"[710, 1047]",92xzYBtiFNQThTFf8ZhrC7,merged-llava-v1.5-vicuna-7b-16k-13m_v1,False,"[204, 306, 333, 363]"
1034,web_6c4e07ff-3589-4a78-99cf-fcf703a33a74.png,"[438, 829, 44, 44]",icon,forum,web,0.525,open external links in the new tab,"[680, 847]",LHV4wQhgq2M3SbnrDDfjPV,merged-llava-v1.5-vicuna-7b-16k-13m_v1,False,"[438, 829, 482, 873]"
1043,web_516f6429-4157-45f8-93a4-db1d525cedb9.png,"[748, 851, 46, 45]",icon,forum,web,0.525,close the message box,"[2491, 1253]",BGgsezsSKwtFitp6aFzn95,merged-llava-v1.5-vicuna-7b-16k-13m_v1,False,"[748, 851, 794, 896]"
1049,web_ff1666cb-81cb-4180-94ee-661a111749e4.png,"[1295, 509, 1065, 120]",text,forum,web,0.525,check the letters,"[1280, 60]",iyHdqEne97WhhszhShUMq3,merged-llava-v1.5-vicuna-7b-16k-13m_v1,False,"[1295, 509, 2360, 629]"
1056,web_28c3aef4-8c82-4746-8cfa-3aa747127c97.png,"[435, 409, 164, 82]",text,forum,web,0.525,search with the current search query,"[906, 337]",FD8JerHzLqAXAbibsCqi9W,merged-llava-v1.5-vicuna-7b-16k-13m_v1,False,"[435, 409, 599, 491]"
1060,web_626e849e-afe2-47c7-8e67-da7331497c25.png,"[1262, 295, 67, 83]",icon,forum,web,0.525,delete the search query,"[489, 822]",FQwogaJYggwd46bWCxPw4s,merged-llava-v1.5-vicuna-7b-16k-13m_v1,False,"[1262, 295, 1329, 378]"
1064,web_533f02b1-e687-462f-9d14-5a25f54d9464.png,"[96, 372, 297, 86]",text,forum,web,0.525,create a new page,"[2179, 459]",SmTQWyxjKDHfyGmjVBKu8q,merged-llava-v1.5-vicuna-7b-16k-13m_v1,False,"[96, 372, 393, 458]"
1067,web_7562f51e-fb02-4c70-a69c-bf02a6b253fa.png,"[124, 418, 51, 37]",icon,forum,web,0.525,support the first new,"[2179, 695]",EUCRVQkSAxk4nxF42fVFSR,merged-llava-v1.5-vicuna-7b-16k-13m_v1,False,"[124, 418, 175, 455]"
1069,web_7fa2512c-eaa9-4195-a8a3-a1ad5d359ff1.png,"[185, 831, 1476, 226]",icon,forum,web,0.525,check the details of the third new,"[2179, 405]",FKfCQhMQU6SAKfuVU6Reep,merged-llava-v1.5-vicuna-7b-16k-13m_v1,False,"[185, 831, 1661, 1057]"
1070,web_65dfb15c-e1f6-4260-9096-85ab73dde428.png,"[1899, 1053, 134, 83]",text,forum,web,0.525,hide this forum,"[2179, 693]",aFSkRYSzmyhoiCSTTbkYZv,merged-llava-v1.5-vicuna-7b-16k-13m_v1,False,"[1899, 1053, 2033, 1136]"
1071,web_d9841866-2ee7-4afd-a77a-8c0e52f6691c.png,"[1969, 1259, 42, 36]",icon,forum,web,0.525,close the ad banner,"[2011, 504]",DbSasRy2uk49wHwJnV6nxz,merged-llava-v1.5-vicuna-7b-16k-13m_v1,False,"[1969, 1259, 2011, 1295]"
1075,web_11acd5dc-63ab-415f-823d-10cd68acef01.png,"[257, 306, 170, 109]",text,forum,web,0.525,check the weather news,"[200, 620]",WM7ZCBpn8wkWDXnf8s6x9c,merged-llava-v1.5-vicuna-7b-16k-13m_v1,False,"[257, 306, 427, 415]"
1085,web_20979acb-d8af-4fa2-becf-ed38f73f5fcb.png,"[511, 122, 82, 68]",icon,tool,web,0.525,search the result,"[200, 156]",YmuzkZ4GiSt4z3hjNhxUEh,merged-llava-v1.5-vicuna-7b-16k-13m_v1,False,"[511, 122, 593, 190]"
1086,web_20979acb-d8af-4fa2-becf-ed38f73f5fcb.png,"[2473, 127, 85, 82]",icon,tool,web,0.525,zoom in on the map,"[2510, 594]",BLDPJoMjoVLbHS5e7ukcmE,merged-llava-v1.5-vicuna-7b-16k-13m_v1,False,"[2473, 127, 2558, 209]"
1090,web_f2db3d49-18fb-4517-8de8-bd5d73efecb9.png,"[2486, 288, 71, 82]",icon,tool,web,0.525,locate to my position,"[2529, 594]",MsUdmevDzRHBzVsCJWkkhf,merged-llava-v1.5-vicuna-7b-16k-13m_v1,False,"[2486, 288, 2557, 370]"
1091,web_2d6ce349-19b2-438b-bc41-611bb64ee63b.png,"[511, 124, 76, 63]",text,tool,web,0.525,search the result,"[264, 158]",MygyZxyiJQLGyw7CiNViKk,merged-llava-v1.5-vicuna-7b-16k-13m_v1,False,"[511, 124, 587, 187]"
1097,web_bbe84736-3a87-4cc1-b9f1-e10144d28f94.png,"[385, 1034, 153, 41]",text,tool,web,0.525,check the result in new york,"[350, 779]",JikarihUUqJUBSAzZcSK9A,merged-llava-v1.5-vicuna-7b-16k-13m_v1,False,"[385, 1034, 538, 1075]"
1098,web_bbe84736-3a87-4cc1-b9f1-e10144d28f94.png,"[604, 127, 79, 68]",icon,tool,web,0.525,navigating to boston,"[320, 158]",HratRGG9PEvMdFKikMVteH,merged-llava-v1.5-vicuna-7b-16k-13m_v1,False,"[604, 127, 683, 195]"
1099,web_da9f908d-568d-4d65-8587-47870f78f678.png,"[492, 18, 55, 71]",icon,tool,web,0.525,more option of edit button,"[464, 53]",AjbdwtrPdTGwCA2njdBAvt,merged-llava-v1.5-vicuna-7b-16k-13m_v1,False,"[492, 18, 547, 89]"
1100,web_da9f908d-568d-4d65-8587-47870f78f678.png,"[2065, 23, 79, 55]",text,tool,web,0.525,need help,"[2520, 788]",3UqpbfWW7XaDESjNUQAsxL,merged-llava-v1.5-vicuna-7b-16k-13m_v1,False,"[2065, 23, 2144, 78]"
1102,web_4b78be88-30cd-401d-8d6d-4ef5a035fbda.png,"[1921, 715, 87, 90]",icon,tool,web,0.525,add a place mark,"[1969, 651]",FuqmAP3BzypNPUfTwsuqHG,merged-llava-v1.5-vicuna-7b-16k-13m_v1,False,"[1921, 715, 2008, 805]"
1103,web_4b78be88-30cd-401d-8d6d-4ef5a035fbda.png,"[1650, 32, 205, 52]",text,tool,web,0.525,check communities,"[2009, 1009]",2EyaTCo78PxVcFqdHxXXgs,merged-llava-v1.5-vicuna-7b-16k-13m_v1,False,"[1650, 32, 1855, 84]"
1108,web_e067ae0f-989b-4e7f-9891-aea5d284a8de.png,"[33, 805, 727, 68]",icon,tool,web,0.525,check the first direction,"[380, 880]",bwsExWmRcnSWqsCCsMZZqW,merged-llava-v1.5-vicuna-7b-16k-13m_v1,False,"[33, 805, 760, 873]"
1110,web_fa131c38-3d94-4e5a-ba3a-269724d93a30.png,"[2292, 1051, 36, 36]",icon,tool,web,0.525,close the location labels on the map,"[2179, 1089]",npTtxyU9sVyo3AJNZUYrX2,merged-llava-v1.5-vicuna-7b-16k-13m_v1,False,"[2292, 1051, 2328, 1087]"
1111,web_fa131c38-3d94-4e5a-ba3a-269724d93a30.png,"[25, 1048, 721, 115]",text,tool,web,0.525,"check the direction of ""slight left onto hancock street""","[377, 1209]",DpNeXPAHSVoCQGAHWhk668,merged-llava-v1.5-vicuna-7b-16k-13m_v1,False,"[25, 1048, 746, 1163]"
1116,web_2345b5ec-6280-470e-9a6d-92a85d8b8873.png,"[107, 1053, 150, 44]",text,tool,web,0.525,goto starbucks in auburn street,"[348, 1081]",6TqY4tuZJiZ5yeS3sZM5Qb,merged-llava-v1.5-vicuna-7b-16k-13m_v1,False,"[107, 1053, 257, 1097]"
1126,web_c5db0d44-6584-42e2-85c7-e4802276bad0.png,"[1418, 553, 52, 55]",icon,tool,web,0.525,add a note for the place on the map,"[140, 1308]",4oq9BDkc7vuvDuWNWdXDDz,merged-llava-v1.5-vicuna-7b-16k-13m_v1,False,"[1418, 553, 1470, 608]"
1130,web_e0425287-c246-4122-a26e-6e0ca5958d4e.png,"[2046, 704, 415, 38]",icon,tool,web,0.525,check geo uri,"[2009, 651]",o8Vy57PZ5gRrB8kGQrSLcN,merged-llava-v1.5-vicuna-7b-16k-13m_v1,False,"[2046, 704, 2461, 742]"
1132,web_adbf2de0-3a79-4ffd-b344-b4a068f192ea.png,"[2473, 521, 82, 82]",icon,tool,web,0.525,more information,"[2510, 876]",KEkajbSafbfq4ums9c76ak,merged-llava-v1.5-vicuna-7b-16k-13m_v1,False,"[2473, 521, 2555, 603]"
1135,web_40de46fb-69c0-4de1-b4c6-9349c812450e.png,"[1497, 936, 117, 82]",icon,tool,web,0.525,select search langugage,"[1280, 980]",2Q6oJdBmQqHFcKaaNN6yWh,merged-llava-v1.5-vicuna-7b-16k-13m_v1,False,"[1497, 936, 1614, 1018]"
1141,web_467ae916-9a16-4517-85cc-f439c79e8c44.png,"[1653, 788, 126, 107]",icon,tool,web,0.525,search result,"[1280, 834]",WjQnKmGddtP4dZKX2XrXz7,merged-llava-v1.5-vicuna-7b-16k-13m_v1,False,"[1653, 788, 1779, 895]"
1145,web_c762cbb8-b6b0-48e3-84ad-5c4090137fa2.png,"[1617, 936, 109, 87]",icon,tool,web,0.525,search result for machine learning,"[1211, 1064]",7RiML4woseFBBu5q3Yzm2c,merged-llava-v1.5-vicuna-7b-16k-13m_v1,False,"[1617, 936, 1726, 1023]"
1147,web_7777a073-0358-46a8-babb-60c07c7bb17d.png,"[1041, 1034, 38, 36]",icon,tool,web,0.525,look into reference [1],"[1001, 1057]",drrwFsmiFcwgRaq2NC2hUe,merged-llava-v1.5-vicuna-7b-16k-13m_v1,False,"[1041, 1034, 1079, 1070]"
1148,web_77e68e05-bbe4-4f54-96fa-79f714c17505.png,"[350, 1400, 49, 40]",icon,tool,web,0.525,language setting,"[2112, 491]",mvcDv2dAo852KMTFeQyXM3,merged-llava-v1.5-vicuna-7b-16k-13m_v1,False,"[350, 1400, 399, 1440]"
1151,web_6547e373-2b01-422b-a104-988a43742ba8.png,"[538, 745, 1126, 634]",icon,tool,web,0.525,click on the picture of the day,"[1070, 659]",HKCtbDdBV3P7jrpu9nz6Jv,merged-llava-v1.5-vicuna-7b-16k-13m_v1,False,"[538, 745, 1664, 1379]"
1157,web_dc5cf80d-74c4-475e-928f-ee6b7ef254a1.png,"[2008, 827, 107, 117]",text,tool,web,0.525,open mediawiki,"[2200, 840]",hdhqmUS8KmBTiQraudJF62,merged-llava-v1.5-vicuna-7b-16k-13m_v1,False,"[2008, 827, 2115, 944]"
1172,web_cd72d06c-67ca-4ed8-b550-dcf4b33e5381.png,"[2385, 1154, 71, 63]",text,tool,web,0.525,open options page,"[2430, 80]",XaafPgd9mee8Lkyqsrzu7Y,merged-llava-v1.5-vicuna-7b-16k-13m_v1,False,"[2385, 1154, 2456, 1217]"
1177,web_be6a7bf9-9411-430f-a685-e97c75f44310.png,"[2399, 436, 52, 63]",text,tool,web,0.525,open options,"[2426, 80]",jYRz4926qCbaVPKAbhuTDQ,merged-llava-v1.5-vicuna-7b-16k-13m_v1,False,"[2399, 436, 2451, 499]"
1179,web_dfacd48d-d2c2-492f-b94c-41e6a34ea99f.png,"[1000, 1305, 322, 46]",icon,tool,web,0.525,enter the wikipedia page of champions league,"[2240, 1152]",JYYi6QnLxweMmLpNKwtZJE,merged-llava-v1.5-vicuna-7b-16k-13m_v1,False,"[1000, 1305, 1322, 1351]"
1181,web_c334b955-9eb9-48c2-998b-9f6cb87bbb8f.png,"[2123, 529, 306, 393]",text,tool,web,0.525,show the image of queen lili's uokalani of hawaii,"[1226, 763]",hEUAfADwkRXrd5xZabwJbc,merged-llava-v1.5-vicuna-7b-16k-13m_v1,False,"[2123, 529, 2429, 922]"
1187,web_22e2b9c7-0140-47aa-8e14-cfd883f3baaf.png,"[2358, 829, 41, 71]",text,tool,web,0.525,open linked pdf file,"[2350, 860]",3BnrCiktdKdw6FJgfCfTpT,merged-llava-v1.5-vicuna-7b-16k-13m_v1,False,"[2358, 829, 2399, 900]"
1188,web_0092e09d-acc7-4ced-8871-47cb05a0a554.png,"[104, 796, 57, 57]",text,tool,web,0.525,let website remmeber account information for no logging in the next year,"[480, 824]",AovpoGomhKzsZGKHtSvxLj,merged-llava-v1.5-vicuna-7b-16k-13m_v1,False,"[104, 796, 161, 853]"
1190,web_0092e09d-acc7-4ced-8871-47cb05a0a554.png,"[107, 887, 729, 79]",icon,tool,web,0.525,log in,"[2289, 80]",fKS4gNRb99DnK7LnHPGqYj,merged-llava-v1.5-vicuna-7b-16k-13m_v1,False,"[107, 887, 836, 966]"
1198,web_d920add5-4b0d-41a6-8de8-2b2b443e7524.png,"[1134, 1190, 839, 82]",icon,tool,web,0.525,download all mediawiki data,"[2047, 874]",5ddTtZyp5EprvoPoyUSSUx,merged-llava-v1.5-vicuna-7b-16k-13m_v1,False,"[1134, 1190, 1973, 1272]"
1199,web_55f5dbd0-ac88-4695-a7a8-03f52a7464cb.png,"[1085, 728, 127, 39]",icon,tool,web,0.525,open wikipedia page of football,"[1447, 1346]",UxnD75WzhG6V3TVKvXCtm4,merged-llava-v1.5-vicuna-7b-16k-13m_v1,False,"[1085, 728, 1212, 767]"
1200,web_55f5dbd0-ac88-4695-a7a8-03f52a7464cb.png,"[101, 48, 65, 65]",text,tool,web,0.525,open options,"[2426, 80]",FhSZyjHMExsa7UX5CpsZ2N,merged-llava-v1.5-vicuna-7b-16k-13m_v1,False,"[101, 48, 166, 113]"
1201,web_e32af83c-f30c-4104-82b3-d5b9a84ad5ee.png,"[1688, 632, 164, 62]",text,tool,web,0.525,portugal ,"[1740, 897]",EZmRp8jf9Z6bKdMYgPdXeo,merged-llava-v1.5-vicuna-7b-16k-13m_v1,False,"[1688, 632, 1852, 694]"
1215,web_df804fb9-f96e-425e-b1a3-fe8f6810a1de.png,"[465, 663, 55, 55]",text,tool,web,0.525,delete the 'article' tag for searching,"[462, 695]",kQkiF5yKSTfMeEk8ihGPVr,merged-llava-v1.5-vicuna-7b-16k-13m_v1,False,"[465, 663, 520, 718]"
1224,web_14087e07-67d9-494e-bdbf-16ed67985a72.png,"[2373, 157, 75, 60]",text,shop,web,0.525,open the shopping cart,"[1169, 792]",7P4mv83Dn2pT9yuYKUsPhv,merged-llava-v1.5-vicuna-7b-16k-13m_v1,False,"[2373, 157, 2448, 217]"
1228,web_bd7a1ecb-e3e7-4a79-ba7e-91ae27a861ba.png,"[2389, 793, 49, 47]",icon,shop,web,0.525,modify product specifications,"[2120, 803]",EFwomnoKbZVpSobJcQgayq,merged-llava-v1.5-vicuna-7b-16k-13m_v1,False,"[2389, 793, 2438, 840]"
1229,web_bd7a1ecb-e3e7-4a79-ba7e-91ae27a861ba.png,"[1914, 611, 514, 86]",text,shop,web,0.525,check the detailed information of the first product in the cart,"[2209, 990]",Q4J4U2DvqbYpPdHZxo9rcV,merged-llava-v1.5-vicuna-7b-16k-13m_v1,False,"[1914, 611, 2428, 697]"
1231,web_e103f2b7-edaf-4acc-8b85-6cfb0b9c024c.png,"[976, 354, 112, 73]",text,shop,web,0.525,confirm leaving the shopping cart,"[874, 392]",S3CbQriJTgeCjVdECo3KJM,merged-llava-v1.5-vicuna-7b-16k-13m_v1,False,"[976, 354, 1088, 427]"
1240,web_8998df3c-ece5-4f78-9f34-8b6ef91b1ddb.png,"[1721, 1003, 247, 70]",text,shop,web,0.525,add the cocowhip light to cart,"[2120, 742]",PHiozJLTJV8DbHiuo3dpHf,merged-llava-v1.5-vicuna-7b-16k-13m_v1,False,"[1721, 1003, 1968, 1073]"
1241,web_8998df3c-ece5-4f78-9f34-8b6ef91b1ddb.png,"[1607, 260, 42, 49]",icon,shop,web,0.525,remove the first item from the comparison,"[1655, 289]",8BtAoA3nsiXp6d7FRutaqz,merged-llava-v1.5-vicuna-7b-16k-13m_v1,False,"[1607, 260, 1649, 309]"
1247,web_2450df5d-6082-4941-8fe5-ee61df8e7021.png,"[486, 429, 473, 743]",icon,shop,web,0.525,check the information of the first product,"[226, 790]",X7pwt7mocU9xKHjrdqeKwE,merged-llava-v1.5-vicuna-7b-16k-13m_v1,False,"[486, 429, 959, 1172]"
1248,web_2450df5d-6082-4941-8fe5-ee61df8e7021.png,"[844, 1309, 47, 39]",icon,shop,web,0.525,check the price changes for the first item,"[224, 455]",7ZTL5gHqzjVmbf5UQPrqN3,merged-llava-v1.5-vicuna-7b-16k-13m_v1,False,"[844, 1309, 891, 1348]"
1257,web_889c379a-7f36-4aad-9516-b09773cd6b84.png,"[2272, 151, 80, 68]",icon,shop,web,0.525,search the products about football,"[2049, 188]",YP636mScKANGCyt5mf7Qsz,merged-llava-v1.5-vicuna-7b-16k-13m_v1,False,"[2272, 151, 2352, 219]"
1262,web_29f17af5-5e60-41a0-8a0c-36a991a0a19d.png,"[615, 395, 31, 55]",icon,shop,web,0.525,rate this product with four stars,"[584, 430]",9mZRe3xmCubFohjXPNhnJo,merged-llava-v1.5-vicuna-7b-16k-13m_v1,False,"[615, 395, 646, 450]"
