,img_filename,bbox,instruction,data_type,data_source,platform,scale,description,output,answer_id,model_id,correct,bbox_xyxy
5,pc_f0122b91-3f8b-4510-9a6e-f0239d84b94e.png,"[697, 63, 34, 32]",minimize calculator,icon,windows,desktop,1.4,"Minimize button located at the top-right corner of the Calculator window, represented by a dash symbol.","[803, 80]",afGHSrLCh3Y6eALyonnRWo,merged-llava-v1.5-vicuna-7b-16k-13m_v1,False,"[697, 63, 731, 95]"
8,pc_db6b6fa2-11cc-4b06-88cb-22c180f07a3b.png,"[9, 0, 35, 31]",save the file,icon,windows,desktop,1.4,File tab located at the top-left corner of the screen.,"[31, 47]",4d5rLUsH4uYzeXXmQJzfNd,merged-llava-v1.5-vicuna-7b-16k-13m_v1,False,"[9, 0, 44, 31]"
23,pc_bd6711e1-ddc1-4873-8cf1-19654285f4ea.png,"[0, 0, 40, 32]",personal account,icon,windows,desktop,1.4,Profile icon located at the top right corner next to the search bar.,"[820, 15]",HNRPm3X4HsPKUmucV28YxY,merged-llava-v1.5-vicuna-7b-16k-13m_v1,False,"[0, 0, 40, 32]"
24,pc_83462e63-b0cd-4921-9d19-8a534ed445c7.png,"[916, 13, 44, 39]",settings and more,icon,windows,desktop,1.4,Three horizontal lines icon located at the top right corner of the browser window.,"[834, 117]",TriCHMCLThnNZZWFR8wCX9,merged-llava-v1.5-vicuna-7b-16k-13m_v1,False,"[916, 13, 960, 52]"
27,pc_14fd6f5f-37d5-4b22-953e-626e11044f3e.png,"[918, 336, 41, 46]",customize,icon,windows,desktop,1.4,"Red ""VIEW ALL"" button located above the image of a person in a red and white sports jersey.","[652, 200]",kdcfeFHRhsMrVQsAWoETmM,merged-llava-v1.5-vicuna-7b-16k-13m_v1,False,"[918, 336, 959, 382]"
32,pc_61beef4d-1a93-47b3-8aff-ba0f7774cb43.png,"[605, 261, 17, 17]",fill in red,icon,windows,desktop,1.4,Fill button in the floating toolbar above the blue rounded rectangle shape.,"[602, 106]",bMsp6GqKYwCLHKGxRnFvCA,merged-llava-v1.5-vicuna-7b-16k-13m_v1,False,"[605, 261, 622, 278]"
35,pc_eb0b756c-e471-40eb-bfaa-06b432094ac6.png,"[0, 105, 317, 40]",open account protection,text,windows,desktop,1.4,"""Sign in"" button under ""Account protection"" section in the middle of the screen.","[672, 305]",RWzg8nJWR8wG5hPhmvrV46,merged-llava-v1.5-vicuna-7b-16k-13m_v1,False,"[0, 105, 317, 145]"
36,pc_dd51aeab-7e2c-40aa-82e6-0f870e49e6ba.png,"[605, 15, 61, 93]",add equation ,text,windows,desktop,1.4,Equation button in the Symbols group on the right side of the toolbar.,"[677, 97]",cCMAPd5whQGNymtGa5gMVm,merged-llava-v1.5-vicuna-7b-16k-13m_v1,False,"[605, 15, 666, 108]"
39,pc_80ab83db-da70-4a1d-b10e-a438a59b2197.png,"[299, 175, 182, 34]",set the screen timeout.,icon,windows,desktop,1.4,"Dropdown menu under ""Screen"" section labeled ""When plugged in, turn off after"".","[387, 342]",8StBxwZtbMX9Cz7NY8uKPn,merged-llava-v1.5-vicuna-7b-16k-13m_v1,False,"[299, 175, 481, 209]"
45,pc_f317f992-32e1-4470-ab0b-31910a70bcd4.png,"[561, 308, 1093, 289]",add the title,text,windows,desktop,0.7000000000000001,"Text box with ""Click to add title"" in the center of the slide.","[1110, 717]",9y8KPDBdRQ6gveZuRneZYu,merged-llava-v1.5-vicuna-7b-16k-13m_v1,False,"[561, 308, 1654, 597]"
47,pc_580035fc-f55e-4817-b0c5-b741fb034cd0.png,"[441, 458, 32, 51]",previous track,icon,windows,desktop,1.4,Left-pointing arrow icon located to the left of the play button in the bottom center control bar.,"[415, 488]",KS8W4hntYrtSLmogZorBAS,merged-llava-v1.5-vicuna-7b-16k-13m_v1,False,"[441, 458, 473, 509]"
48,pc_ac6779f8-a188-4633-bfcc-ab05ada6848c.png,"[872, 40, 37, 32]",pin to taskbar,icon,windows,desktop,1.4,Three-dot menu button in the top-right corner of the Downloads pop-up window.,"[862, 55]",RcJEN5sJqPy6YG9JcqjVBU,merged-llava-v1.5-vicuna-7b-16k-13m_v1,False,"[872, 40, 909, 72]"
59,pc_8ed762cb-06dd-493f-b770-7e02298433f8.png,"[735, 31, 84, 36]",turn on the mixed reality,icon,windows,desktop,1.4,"""Mixed reality"" toggle switch located at the top right corner, next to ""3D library"" icon.","[692, 48]",JxuZ2JcdzwjGZQiYK8ah3a,merged-llava-v1.5-vicuna-7b-16k-13m_v1,False,"[735, 31, 819, 67]"
60,pc_56d9172e-1780-4fb7-8377-f9987b87508c.png,"[894, 126, 43, 52]",delete the downloaded file,icon,windows,desktop,1.4,"Trash can icon next to ""labels_my-project-name_2023-12-23-04-10-30.csv"" in the downloads list.","[882, 149]",DxNUmRbPBxMqSrv2NoyPGq,merged-llava-v1.5-vicuna-7b-16k-13m_v1,False,"[894, 126, 937, 178]"
62,pc_ecf34119-ce66-4699-a169-60e5279a650f.png,"[660, 401, 299, 64]",switch to english,text,windows,desktop,1.4,ENG English (United States) US keyboard option in the bottom-right corner.,"[826, 501]",AHo9iCSqWFPJbWoFjc6Vt4,merged-llava-v1.5-vicuna-7b-16k-13m_v1,False,"[660, 401, 959, 465]"
66,pc_21d4f79d-2603-4f10-a535-9401ee47cb94.png,"[904, 251, 41, 53]",show in folder,icon,windows,desktop,1.4,"""Open file"" link next to the file name ""labels_my-project-name_2023-12-23-04-10-30.csv"" in the Downloads panel.","[725, 237]",dsmhXcbrAk473fCTAB3T5E,merged-llava-v1.5-vicuna-7b-16k-13m_v1,False,"[904, 251, 945, 304]"
68,pc_04d51f86-b324-4eb6-82f5-c8cd6cb3e79c.png,"[568, 256, 82, 51]",chech visibility,text,windows,desktop,1.4,"""Seeing different weather?"" button located in the top right corner of the current weather section.","[780, 83]",AxyDb8LJ4qauguCbEt29mo,merged-llava-v1.5-vicuna-7b-16k-13m_v1,False,"[568, 256, 650, 307]"
75,pc_07faaa86-6e6b-457b-9a51-9b30edff21da.png,"[916, 455, 44, 41]",send current page,icon,windows,desktop,1.4,Gear icon located at the bottom right corner of the screen.,"[936, 521]",WKBfSTTzxfU6dd3NmqZQ3o,merged-llava-v1.5-vicuna-7b-16k-13m_v1,False,"[916, 455, 960, 496]"
80,pc_8c0c6fa3-39d8-4633-aeb1-6544036c85bf.png,"[913, 504, 30, 36]",adjust the volume,icon,windows,desktop,1.4,"Speaker icon located in the bottom-right corner of the taskbar, next to the language and network icons.","[910, 523]",gUs7zGfesfyBovzMZGxyzh,merged-llava-v1.5-vicuna-7b-16k-13m_v1,False,"[913, 504, 943, 540]"
86,pc_89fc8216-3292-418c-864f-edcce3c34dc5.png,"[790, 444, 42, 39]",adjust volume,icon,windows,desktop,1.4,Speaker icon located at the bottom right corner of the media player interface.,"[750, 527]",kcHfRZDjJd4XgW8JrbNSAj,merged-llava-v1.5-vicuna-7b-16k-13m_v1,False,"[790, 444, 832, 483]"
89,pc_79eaf625-93f5-42a4-977e-71aba5418ff4.png,"[0, 376, 159, 28]",go to the desktop,text,windows,desktop,1.4,"""Desktop"" under ""Quick access"" in the left sidebar.","[80, 132]",DhUEamPyHfi7nzyb7YTULA,merged-llava-v1.5-vicuna-7b-16k-13m_v1,False,"[0, 376, 159, 404]"
93,pc_e18b4420-34da-4d60-889e-924a76fb5094.png,"[840, 11, 42, 37]",open the favourites,icon,windows,desktop,1.4,"Blue star icon with the number 37, located to the left of the three horizontal lines in the top right corner.","[870, 116]",7KELuDYksXDMhPgEuCwSUk,merged-llava-v1.5-vicuna-7b-16k-13m_v1,False,"[840, 11, 882, 48]"
100,pc_4392332d-683f-4746-bbb2-e9287d9cdae0.png,"[308, 203, 81, 84]",set the second photo as wallpaper,icon,windows,desktop,1.4,"Second image from the left under ""Choose your picture"" section, depicting a beach scene with a boat.","[517, 245]",H4FTXVPxWiu52UXvVFPuRG,merged-llava-v1.5-vicuna-7b-16k-13m_v1,False,"[308, 203, 389, 287]"
118,pc_17b94559-9897-4b8e-ae34-c47ce5b5d46f.png,"[4, 3, 41, 30]",back to,icon,windows,desktop,1.123745819397993,"""Home"" button located at the top of the left sidebar under the ""Settings"" title.","[149, 72]",c632vEHTvKB5wtbqNdm7jm,merged-llava-v1.5-vicuna-7b-16k-13m_v1,False,"[4, 3, 45, 33]"
120,pc_17b94559-9897-4b8e-ae34-c47ce5b5d46f.png,"[907, 366, 225, 32]",need some help,text,windows,desktop,1.123745819397993,"""Add a printer or scanner"" button located under the ""Add printers & scanners"" section.","[457, 176]",WF5ExnV2K3qBAdf2zZQK9C,merged-llava-v1.5-vicuna-7b-16k-13m_v1,False,"[907, 366, 1132, 398]"
123,pc_5377c04c-7d8f-4377-b1ed-d7994722871f.png,"[370, 509, 132, 34]",view the game for me,text,windows,desktop,1.723076923076923,"""Games for you"" section located at the bottom right, featuring game icons and a ""See more"" link.","[542, 451]",mgPML7KNWhZ3b3LCtzUM56,merged-llava-v1.5-vicuna-7b-16k-13m_v1,False,"[370, 509, 502, 543]"
124,pc_70f27c18-7de8-4445-b6fe-202fa17bbe04.png,"[149, 62, 24, 31]",use pencil tool,icon,windows,desktop,1.6019070321811681,"Pencil icon located in the ""Tools"" section of the toolbar, second from the left.","[174, 98]",7GtddrXhPVKCnNoGbqfwsh,merged-llava-v1.5-vicuna-7b-16k-13m_v1,False,"[149, 62, 173, 93]"
170,pc_66906e9c-dc3c-49e9-aaf0-0e7d5efc97db.png,"[1230, 1078, 45, 45]",have question,icon,macos,desktop,1.002985074626865,"Checkbox labeled ""Show screen saver after"" located below the ""Screen Saver"" tab.","[374, 227]",7JuYpUA3bfNnn3dLZBAgDN,merged-llava-v1.5-vicuna-7b-16k-13m_v1,False,"[1230, 1078, 1275, 1123]"
194,pc_9b6669c9-230d-486a-ad4c-256eb9015dcb.png,"[1766, 1428, 174, 233]",open wechat,text,macos,desktop,0.44444444444444403,"WeChat icon located in the bottom row, second from the left.","[1595, 1892]",LLfe6gL2YtxPMnNKdU8KLo,merged-llava-v1.5-vicuna-7b-16k-13m_v1,False,"[1766, 1428, 1940, 1661]"
196,pc_64100146-b681-4263-b86c-16d6932b8078.png,"[226, 1860, 73, 96]",safari,icon,macos,desktop,0.44444444444444403,"Safari icon in the dock, fourth from the left, represented by a blue compass.","[2261, 38]",nCXyfBoTgaUzDXpiCaTxgD,merged-llava-v1.5-vicuna-7b-16k-13m_v1,False,"[226, 1860, 299, 1956]"
197,pc_64100146-b681-4263-b86c-16d6932b8078.png,"[61, 1860, 83, 95]",finder,icon,macos,desktop,0.44444444444444403,Finder icon located at the top left corner of the screen in the menu bar.,"[141, 36]",YHHw3TU9gXyzth9qfGQ6GN,merged-llava-v1.5-vicuna-7b-16k-13m_v1,False,"[61, 1860, 144, 1955]"
208,pc_e5c3f9ae-de8d-4457-8bdc-7c0aba699f38.png,"[328, 1, 75, 66]",select input method,icon,macos,desktop,1.2240437158469941,"""Focus Preferences..."" button at the bottom of the Focus dropdown menu.","[806, 530]",Hw9drtxJigNGDozQhFkZqU,merged-llava-v1.5-vicuna-7b-16k-13m_v1,False,"[328, 1, 403, 67]"
211,pc_be3ea55b-e1f3-478a-8982-a05f37cc910f.png,"[1245, 801, 70, 63]",question about bluetooth,icon,macos,desktop,1.004484304932735,"""Turn Bluetooth Off"" button located below the ""Bluetooth: On"" status text.","[260, 529]",brLX9NzfcJiHXx2KycQkR6,merged-llava-v1.5-vicuna-7b-16k-13m_v1,False,"[1245, 801, 1315, 864]"
218,pc_2773ea59-8493-4c89-957a-d2ec661e6384.png,"[716, 417, 497, 41]",select network,icon,macos,desktop,1.009009009009009,"Wi-Fi network ""AX88772A"" in the left sidebar under ""Wi-Fi"" and above ""USB 10/1...1000 LAN"".","[198, 344]",nCEKWsXTL4inPiZHfh9mar,merged-llava-v1.5-vicuna-7b-16k-13m_v1,False,"[716, 417, 1213, 458]"
236,pc_b93bf9fd-afa5-40c0-b103-48f235f3ffe0.png,"[25, 887, 95, 92]",unlock to make changes,icon,macos,desktop,1.004484304932735,"Click the lock icon in the bottom-left corner labeled ""Click the lock to make changes.""","[282, 935]",ghytNgmEJBUSeha3ukJ5M2,merged-llava-v1.5-vicuna-7b-16k-13m_v1,False,"[25, 887, 120, 979]"
242,pc_8c34d9b6-4f21-4cfa-a277-8a4fe45c9ef7.png,"[1237, 988, 75, 74]",has question,icon,macos,desktop,1.007496251874062,"""Date & Time"" tab next to ""Time Zone"" tab at the top of the window.","[586, 172]",RmSNqW8S3kv7FnRSSD3rDQ,merged-llava-v1.5-vicuna-7b-16k-13m_v1,False,"[1237, 988, 1312, 1062]"
246,pc_75eae2f4-193e-4365-a5f1-b9b5340d02ff.png,"[1667, 0, 82, 103]",forward email,icon,macos,desktop,0.7051416579223501,"The rightward arrow icon located at the top of the email message pane, next to the trash bin icon.","[1779, 52]",iZ5mVWXcc6FaXAkPS4krmU,merged-llava-v1.5-vicuna-7b-16k-13m_v1,False,"[1667, 0, 1749, 103]"
248,pc_1e16b18c-5d91-4155-9e49-4ad5d9453fc7.png,"[561, 693, 90, 52]",view attachment,icon,macos,desktop,0.9237113402061851,"""Details"" link located to the right of the email subject line ""Re: Question about acmmm23 poster&video sub..."" dated 2023/10/21.","[834, 676]",HxPo9q4fWPyKVGWHegrhUR,merged-llava-v1.5-vicuna-7b-16k-13m_v1,False,"[561, 693, 651, 745]"
254,pc_fe30b885-865a-442e-a8f5-0e9924f256fd.png,"[42, 567, 1183, 736]",open the image in memo,icon,macos,desktop,0.706624605678233,"Memo icon in the top toolbar, second from the left.","[411, 52]",PT9XK6CCS7nWgrAeruzV8g,merged-llava-v1.5-vicuna-7b-16k-13m_v1,False,"[42, 567, 1225, 1303]"
265,pc_4a9b8c51-5db6-4325-a6e0-8a0f9801e25d.png,"[504, 250, 459, 96]",open business categories,text,macos,desktop,0.6726726726726721,"""Categories"" button in the left sidebar, located between ""Develop"" and ""Updates.""","[218, 588]",ZZaNHcYrrNG5TpHm7bZzkb,merged-llava-v1.5-vicuna-7b-16k-13m_v1,False,"[504, 250, 963, 346]"
266,pc_4a9b8c51-5db6-4325-a6e0-8a0f9801e25d.png,"[1795, 1229, 102, 99]",download fantastical from icloud,icon,macos,desktop,0.6726726726726721,Fantastical - Calendar app icon with a cloud download symbol located in the Editors' Choice section.,"[1279, 1278]",MzoPDCQgf3xywGbR7V3Auq,merged-llava-v1.5-vicuna-7b-16k-13m_v1,False,"[1795, 1229, 1897, 1328]"
270,pc_09fff6da-5dd8-4288-a0e7-f503273c1908.png,"[1411, 804, 152, 65]",open the file,text,macos,desktop,0.8410513141426781,"""download_files.sh"" file located in the second row, second column from the left.","[707, 587]",WKyM2CvsjAeboXjjVtzYqT,merged-llava-v1.5-vicuna-7b-16k-13m_v1,False,"[1411, 804, 1563, 869]"
275,pc_e73c6749-043f-4a24-8e56-6c829f78255d.png,"[513, 134, 63, 57]",enlarge font size,icon,macos,desktop,0.7859649122807011,"Font size dropdown menu in the toolbar, displaying ""30"" next to the font family dropdown.","[464, 162]",UpnB5BtXG994DgYRvH5PBF,merged-llava-v1.5-vicuna-7b-16k-13m_v1,False,"[513, 134, 576, 191]"
276,pc_e73c6749-043f-4a24-8e56-6c829f78255d.png,"[438, 2, 61, 61]",save file,icon,macos,desktop,0.7859649122807011,"Floppy disk icon located in the top-left corner of the window, next to the document title ""Document1"".","[651, 29]",iM6zRsi2RCVoXyD6dJmmoC,merged-llava-v1.5-vicuna-7b-16k-13m_v1,False,"[438, 2, 499, 63]"
280,pc_0205fe68-a787-4651-8cfa-495802d6beb6.png,"[884, 175, 161, 44]",adjust the left indent,icon,macos,desktop,0.785046728971962,"Left indent input box in the ""Indent"" section of the ""Layout"" tab, displaying ""1.27 cm"".","[968, 245]",WzBqXrWjXbtC9dPq5vWUCK,merged-llava-v1.5-vicuna-7b-16k-13m_v1,False,"[884, 175, 1045, 219]"
283,pc_7fe3e2d7-db08-47b1-80a1-36775ab888a4.png,"[358, 393, 77, 70]",insert a square,icon,macos,desktop,0.7868852459016391,"Square shape in the ""Rectangles"" section of the ""Shapes"" dropdown menu under the ""Insert"" tab.","[474, 779]",2Nesr3cxcbLv6JxcFNfbBh,merged-llava-v1.5-vicuna-7b-16k-13m_v1,False,"[358, 393, 435, 463]"
284,pc_7fe3e2d7-db08-47b1-80a1-36775ab888a4.png,"[188, 1257, 92, 70]",insert a left arrow,icon,macos,desktop,0.7868852459016391,"First element in the ""Block Arrows"" section at the bottom of the shapes dropdown menu.","[186, 1282]",kf6tDLwBhTSQi5Lx6Qhwu2,merged-llava-v1.5-vicuna-7b-16k-13m_v1,False,"[188, 1257, 280, 1327]"
285,pc_3f805781-f2fe-45dc-8bc5-e62d12f1c359.png,"[879, 797, 212, 223]",add a sunburst chart,icon,macos,desktop,0.7859649122807011,"Sunburst chart option under the ""Hierarchy"" submenu in the ""Insert"" tab's ""Chart"" dropdown menu.","[681, 706]",Qvk9gbQ9u5VkkVyzRMN5bz,merged-llava-v1.5-vicuna-7b-16k-13m_v1,False,"[879, 797, 1091, 1020]"
292,pc_71e8f8bd-7ff0-4846-ada6-ce337a0f5ebc.png,"[172, 0, 61, 63]",go back to home,icon,macos,desktop,0.613698630136986,"""Home"" tab located at the top left corner of the toolbar.","[60, 94]",K2rwt8stqZUe2FioCtvH3Z,merged-llava-v1.5-vicuna-7b-16k-13m_v1,False,"[172, 0, 233, 63]"
293,pc_9eebe928-6d8a-4de5-8212-039d0282b082.png,"[1316, 553, 69, 60]",rotate title box,icon,macos,desktop,0.613138686131386,"Title text box on the slide with the text ""my title"" located above the subtitle text box.","[260, 394]",ZfdxgUMCeCfTSYqn9f5RmN,merged-llava-v1.5-vicuna-7b-16k-13m_v1,False,"[1316, 553, 1385, 613]"
294,pc_b113f651-ec99-4a84-8c15-ff0fc1aee615.png,"[1587, 193, 177, 183]","choose the 1), 2), 3) …",text,macos,desktop,0.613698630136986,"Dropdown menu under the numbering icon in the toolbar, displaying options for different numbering styles.","[1864, 166]",F5vQJqGXJnPjs45HStJnno,merged-llava-v1.5-vicuna-7b-16k-13m_v1,False,"[1587, 193, 1764, 376]"
296,pc_c243b681-99cd-4726-8710-51ff1c024208.png,"[221, 774, 335, 59]",add a new slide,text,macos,desktop,0.6815415821501011,"""New Slide"" button located in the leftmost position of the ""Insert"" tab in the top menu bar.","[61, 199]",fCCH3gLpJ3gDM5ivCaHSUr,merged-llava-v1.5-vicuna-7b-16k-13m_v1,False,"[221, 774, 556, 833]"
301,pc_ac718327-53b2-49c1-8707-d12220913fc1.png,"[1511, 55, 58, 58]",debug,icon,macos,desktop,0.584347826086956,reddit_state.json file located in the .auth directory under the webarena project in the left sidebar.,"[296, 427]",dCk4Mr4cCEi3rUieUzBxDs,merged-llava-v1.5-vicuna-7b-16k-13m_v1,False,"[1511, 55, 1569, 113]"
310,pc_668258b4-f214-4a57-a500-d03aa94b0e65.png,"[38, 1009, 60, 49]",pause the debugger,icon,macos,desktop,0.586387434554973,"Green pause button in the top right toolbar, located between the green play button and the red stop button.","[2032, 83]",9yLGw5CinEqbZCBKVfgRcf,merged-llava-v1.5-vicuna-7b-16k-13m_v1,False,"[38, 1009, 98, 1058]"
311,pc_668258b4-f214-4a57-a500-d03aa94b0e65.png,"[40, 1067, 58, 49]",stop the debugger,icon,macos,desktop,0.586387434554973,"Red square button with a white square inside, located in the Debug tool window toolbar.","[68, 1166]",2MFKjTjGuL3ac9PY22CmSZ,merged-llava-v1.5-vicuna-7b-16k-13m_v1,False,"[40, 1067, 98, 1116]"
312,pc_668258b4-f214-4a57-a500-d03aa94b0e65.png,"[2192, 779, 66, 55]",minimize the debug panel,icon,macos,desktop,0.586387434554973,Click the square icon with a horizontal line at the top right corner of the debug panel.,"[421, 821]",UB976MtrhZBmrEWJ7fBjSD,merged-llava-v1.5-vicuna-7b-16k-13m_v1,False,"[2192, 779, 2258, 834]"
315,pc_de69c5ff-2e8a-4b48-b7c0-629da006b982.png,"[2, 763, 499, 49]",set mirror display,text,macos,desktop,1.333333333333333,Mirror Display option under Color LCD section.,"[252, 356]",8u4865xSYuNrKW5mSSpgUK,merged-llava-v1.5-vicuna-7b-16k-13m_v1,False,"[2, 763, 501, 812]"
322,pc_857c0a8b-5f0f-4d6a-966f-789b594622c9.png,"[555, 18, 79, 67]",terminate this process,icon,macos,desktop,0.9093369418132611,PyCharm process in the first row of the Activity Monitor table.,"[152, 191]",Twx4vZVyBpiDzXqCvUeGXC,merged-llava-v1.5-vicuna-7b-16k-13m_v1,False,"[555, 18, 634, 85]"
323,pc_857c0a8b-5f0f-4d6a-966f-789b594622c9.png,"[640, 17, 70, 70]",detail information,icon,macos,desktop,0.9093369418132611,"PyCharm row in the Activity Monitor table, first row under 'Process Name' column, highlighted in blue.","[149, 191]",4yCMDEc3DLTLSh7hW8jkhs,merged-llava-v1.5-vicuna-7b-16k-13m_v1,False,"[640, 17, 710, 87]"
339,mobile_6949b916-64c8-431f-8842-a29a9a557641.png,"[1077, 78, 92, 115]",select source language,icon,ios,mobile,0.569491525423728,"Dropdown menu labeled ""English UK"" located at the top left of the screen.","[811, 136]",fhrNpPK4CAWF7tE5LbwgP2,merged-llava-v1.5-vicuna-7b-16k-13m_v1,False,"[1077, 78, 1169, 193]"
350,mobile_1c1d54b4-5ac1-40cd-9dc6-21a8d3c97d6e.png,"[1678, 436, 140, 137]",locked rotation,icon,ios,mobile,0.569491525423728,Lock icon with a circular arrow located in the middle of the control center.,"[2194, 663]",D6bZmB5f74vNJVHREQ3GcN,merged-llava-v1.5-vicuna-7b-16k-13m_v1,False,"[1678, 436, 1818, 573]"
352,mobile_1c1d54b4-5ac1-40cd-9dc6-21a8d3c97d6e.png,"[2134, 439, 140, 286]",adjust the voice,icon,ios,mobile,0.569491525423728,"Volume slider located on the right side of the screen, below the brightness slider and above the camera icon.","[2221, 342]",Vo4r84MppyPUZZ8Me3aomJ,merged-llava-v1.5-vicuna-7b-16k-13m_v1,False,"[2134, 439, 2274, 725]"
354,mobile_0570bb62-77b0-4d1d-90f4-5e322c2bca17.png,"[2019, 55, 86, 83]",handwrite mode,icon,ios,mobile,0.569491525423728,Pencil icon located at the top right corner of the screen.,"[2309, 98]",EyMeGMmwhc5WnYmeGC85Vt,merged-llava-v1.5-vicuna-7b-16k-13m_v1,False,"[2019, 55, 2105, 138]"
362,mobile_a8181231-d30c-4051-9ff2-16808694adbf.png,"[2274, 58, 77, 77]",more information,icon,ios,mobile,0.569491525423728,Icon of a magnifying glass located in the top left corner of the toolbar.,"[221, 96]",cELp9t7UXcSLwA8Hqedget,merged-llava-v1.5-vicuna-7b-16k-13m_v1,False,"[2274, 58, 2351, 135]"
406,mobile_f1247381-fcf6-440f-8787-19bce69e28de.png,"[686, 1317, 107, 76]",28,text,ios,mobile,0.5743589743589741,Red circular date indicator on December 23.,"[1060, 1147]",D442YSHAjMxXFPhQAUr2aP,merged-llava-v1.5-vicuna-7b-16k-13m_v1,False,"[686, 1317, 793, 1393]"
414,mobile_e0fb2f66-6e2c-42d6-8cfd-34e510f1ab2e.png,"[5, 435, 1164, 204]",check my account,icon,ios,mobile,0.5743589743589741,"Text ""Done"" in the top right corner of the screen.","[1060, 255]",5j8omikTjcvuzYLzQPiRHc,merged-llava-v1.5-vicuna-7b-16k-13m_v1,False,"[5, 435, 1169, 639]"
425,mobile_5fb77d07-dd26-4a0c-959b-7c74fd49d22f.png,"[1016, 1112, 120, 113]",cancel subscription,icon,ios,mobile,0.5743589743589741,Cancel at any time in Settings > Apple ID at least one day before each renewal date.,"[585, 1936]",G7KdKU7t7U5nQKDM89qt6c,merged-llava-v1.5-vicuna-7b-16k-13m_v1,False,"[1016, 1112, 1136, 1225]"
427,mobile_8da8fbf4-c2b0-495f-88d3-9eb682c15ce7.png,"[1035, 164, 86, 86]",more information,icon,ios,mobile,0.5743589743589741,"""MORE"" button located below the description text and above the song list.","[1035, 1622]",9RBPhCGEr4JZQs96rCmLHo,merged-llava-v1.5-vicuna-7b-16k-13m_v1,False,"[1035, 164, 1121, 250]"
432,mobile_efa861a6-0810-4c8a-9bca-4f481641d03d.png,"[883, 168, 71, 80]",add a new one,icon,ios,mobile,0.5743589743589741,"""+"" button inside the dark blue square labeled ""Add or Scan Accessory"" at the bottom left.","[146, 1777]",ABPXcJPgqwz5NBoxLtv6CZ,merged-llava-v1.5-vicuna-7b-16k-13m_v1,False,"[883, 168, 954, 248]"
433,mobile_efa861a6-0810-4c8a-9bca-4f481641d03d.png,"[1039, 166, 82, 84]",more details,icon,ios,mobile,0.5743589743589741,"""Learn More"" button in the ""Home Upgrade Available"" section below the orange house icon.","[402, 1485]",C5Uwrr42bYRYtdVzVPyQKY,merged-llava-v1.5-vicuna-7b-16k-13m_v1,False,"[1039, 166, 1121, 250]"
459,mobile_a14fb632-fab9-4537-8c7b-8c650fd91bd7.png,"[1016, 160, 105, 113]",forwarding,icon,ios,mobile,0.5743589743589741,"Circular arrow icon located at the bottom left corner, next to the backward button.","[146, 2195]",AmaQwzUkWgxo4pP8cmF9iR,merged-llava-v1.5-vicuna-7b-16k-13m_v1,False,"[1016, 160, 1121, 273]"
463,mobile_a14fb632-fab9-4537-8c7b-8c650fd91bd7.png,"[289, 2145, 99, 116]",previous song,icon,ios,mobile,0.5743589743589741,Leftward-pointing double arrow icon located to the left of the play button at the bottom center of the screen.,"[818, 2202]",WJbWidP2csxAvayHozgEDk,merged-llava-v1.5-vicuna-7b-16k-13m_v1,False,"[289, 2145, 388, 2261]"
465,mobile_9bd1779a-91ee-4a59-8904-3850434b1421.png,"[5, 160, 246, 97]",back to filters,text,ios,mobile,0.5743589743589741,"Blue ""Filters"" text with a left-pointing arrow at the top-left corner of the screen.","[585, 203]",HHKRWoXRmxbrzwgNqqQf6v,merged-llava-v1.5-vicuna-7b-16k-13m_v1,False,"[5, 160, 251, 257]"
484,mobile_5c883ab7-6769-436e-a677-96b0f5a4c950.png,"[27, 118, 187, 102]",open photo,text,android,mobile,0.622222222222222,Circular button with a plus sign in the center of the screen.,"[540, 1171]",eD4fLVugYDi8rqru7siBGh,merged-llava-v1.5-vicuna-7b-16k-13m_v1,False,"[27, 118, 214, 220]"
511,mobile_74f38270-ccc5-423e-813e-b7f1ac6ff665.png,"[284, 1200, 252, 321]",display all photos ,icon,android,mobile,0.622222222222222,"""Images"" icon with a red mountain and sun graphic, located in the second position of the first row under the ""Type"" section.","[405, 670]",GBwZKGHftnfAB34rAbhjSx,merged-llava-v1.5-vicuna-7b-16k-13m_v1,False,"[284, 1200, 536, 1521]"
519,mobile_4fafbd92-0af2-4b02-9cf8-952227fd9993.png,"[796, 1017, 220, 155]",open clock at 3,icon,android,mobile,0.622222222222222,"""Clock"" tab located between ""Alarm"" and ""Stopwatch"" at the top of the screen.","[374, 303]",ASy4FNNJLKygnrRB4Kkbwq,merged-llava-v1.5-vicuna-7b-16k-13m_v1,False,"[796, 1017, 1016, 1172]"
524,mobile_2b80c9bf-0040-492e-8dca-d81cc9042b5a.png,"[894, 1554, 155, 98]",fold input method,icon,android,mobile,0.622222222222222,Downward-facing arrow icon located at the bottom-right corner of the keyboard.,"[975, 2275]",FeXhJozGTmsZRxTLnFm4MC,merged-llava-v1.5-vicuna-7b-16k-13m_v1,False,"[894, 1554, 1049, 1652]"
527,mobile_caaf7ec0-c1ee-4edc-8b42-37bfa11c4dd3.png,"[44, 260, 325, 146]",open notes,text,android,mobile,0.622222222222222,Yellow circular button with a white plus sign located at the bottom right corner.,"[898, 2166]",SzcSeXiPwdQByNPo3fsYhW,merged-llava-v1.5-vicuna-7b-16k-13m_v1,False,"[44, 260, 369, 406]"
552,mobile_04545977-3f36-4a33-a787-72ec8a9dd4f2.png,"[894, 106, 155, 142]", battery options,icon,android,mobile,0.622222222222222,"""Battery"" tab next to ""Battery saver"" at the top of the screen.","[540, 318]",haQzrfKAWTWsM4orBKxneB,merged-llava-v1.5-vicuna-7b-16k-13m_v1,False,"[894, 106, 1049, 248]"
592,mobile_ee2362d3-17a7-479e-9f99-fd8378aae866.png,"[796, 285, 94, 114]",change phone options,icon,android,mobile,0.622222222222222,"""Phone options"" green button located below the Wi-Fi button and to the left of the brightness slider.","[335, 853]",C6D7d5ftoukpqUKHhp4YAt,merged-llava-v1.5-vicuna-7b-16k-13m_v1,False,"[796, 285, 890, 399]"
593,mobile_ee2362d3-17a7-479e-9f99-fd8378aae866.png,"[902, 260, 114, 163]",manage the outlayer,icon,android,mobile,0.622222222222222,"""Surfboard"" button located in the bottom row, second from the left, with a right-pointing arrow icon.","[405, 1406]",aVKxc2P36ca59bshvFA5qn,merged-llava-v1.5-vicuna-7b-16k-13m_v1,False,"[902, 260, 1016, 423]"
596,mobile_f53240ec-a09f-4857-9ca1-db5fb79455c3.png,"[792, 1623, 268, 268]",open notes,text,android,mobile,0.622222222222222,"Notes icon located at the bottom right corner of the screen, represented by a yellow square with a white note symbol.","[922, 2065]",gFRNKHaD7gZ9d3t2BbEhit,merged-llava-v1.5-vicuna-7b-16k-13m_v1,False,"[792, 1623, 1060, 1891]"
597,mobile_b9537ded-e771-43c7-bab4-1db747625d87.png,"[2143, 54, 80, 85]",add a new item,icon,ios,mobile,0.569491525423728,"Gray square with a plus sign and ""Add Accessory"" text located at the bottom left of the screen.","[733, 821]",M7XGhummVD4kb5P9aFjPhN,merged-llava-v1.5-vicuna-7b-16k-13m_v1,False,"[2143, 54, 2223, 139]"
603,mobile_ed417132-c4e4-41c9-adae-d150aecada69.png,"[877, 404, 600, 268]",open files in ipad,icon,ios,mobile,0.569491525423728,"Files app icon located in the bottom dock, second from the left.","[669, 1208]",MsE2BR8sh2mtZSvFVH8wxU,merged-llava-v1.5-vicuna-7b-16k-13m_v1,False,"[877, 404, 1477, 672]"
604,mobile_124e877d-d29c-45e4-bdc2-cbc729c702c9.png,"[798, 1436, 146, 148]",open memo app,icon,ios,mobile,0.569491525423728,"Goodnotes app icon located in the second row, fourth column from the left.","[1359, 472]",6ChsVvRisEHuzyfkHKZxXx,merged-llava-v1.5-vicuna-7b-16k-13m_v1,False,"[798, 1436, 944, 1584]"
606,mobile_f859f69e-20c1-4630-9435-e959c43590d5.png,"[233, 138, 95, 93]",refresh the page,icon,ios,mobile,0.569491525423728,Curved arrow icon located to the right of the left-pointing arrow in the top-left corner of the browser window.,"[184, 180]",R8oSoYqjFGgKhMLCof2vFj,merged-llava-v1.5-vicuna-7b-16k-13m_v1,False,"[233, 138, 328, 231]"
611,mobile_740f217d-27e9-43af-951c-b76e18252300.png,"[147, 64, 95, 85]",search history,icon,ios,mobile,0.569491525423728,"""Show Full History"" button located below the ""Recently Closed"" section.","[1180, 295]",bRF9rUeCWKpkbkUcgEsuw4,merged-llava-v1.5-vicuna-7b-16k-13m_v1,False,"[147, 64, 242, 149]"
614,mobile_d3771dd7-e526-4b87-8971-247ca5582e85.png,"[543, 652, 113, 72]",stop sharing my location,icon,ios,mobile,0.569491525423728,"""Share My Location"" toggle switch under ""My Location"" section.","[377, 688]",QieXxvB4vYTSQCn62y2Uxo,merged-llava-v1.5-vicuna-7b-16k-13m_v1,False,"[543, 652, 656, 724]"
615,mobile_f5b4ae93-55f8-4f0c-9c9e-dda8685c37b5.png,"[1318, 180, 410, 320]",create a new workbook for total a list,icon,ios,mobile,0.569491525423728,"""Total a List"" template located in the top row, third column.","[1475, 558]",EeJHmWTvvH8dcwTfdv69BT,merged-llava-v1.5-vicuna-7b-16k-13m_v1,False,"[1318, 180, 1728, 500]"
619,mobile_3d3cacff-2019-4577-9395-21b45a0c548b.png,"[932, 780, 54, 58]",remove maps from the desktop,icon,ios,mobile,0.569491525423728,"Maps app icon with a minus sign in the top left corner, located in the second row, third column from the left.","[995, 869]",MBAM2dTbGCjmcJ7HTnP4qw,merged-llava-v1.5-vicuna-7b-16k-13m_v1,False,"[932, 780, 986, 838]"
621,mobile_6778b255-174f-401e-ab98-b5bbe554a141.png,"[928, 866, 58, 56]",remove chrome from the desktop,icon,ios,mobile,0.569491525423728,"Chrome icon located in the fourth row, third column from the left, with a minus sign in the top left corner.","[1002, 962]",HXzqVnFnitzQd2KSqYhd2w,merged-llava-v1.5-vicuna-7b-16k-13m_v1,False,"[928, 866, 986, 922]"
622,mobile_e3f2b3d7-4c56-44ba-af3f-ae885a3e0dbb.png,"[2084, 543, 171, 85]",disable icloud photos,text,ios,mobile,0.569491525423728,"iCloud Photos section under Recommendations in iPad Storage settings, with the 'Enable' button on the right.","[1640, 607]",gZYXA7Bm8UGzeaAG7XZWJ6,merged-llava-v1.5-vicuna-7b-16k-13m_v1,False,"[2084, 543, 2255, 628]"
624,mobile_08782c89-65da-43ca-8eb6-8ca71e9f8ea7.png,"[947, 1496, 74, 82]",add alarm to the included controls,icon,ios,mobile,0.569491525423728,"Green plus button next to ""Alarm"" under ""MORE CONTROLS"".","[1028, 1536]",BeftdyWK6cxTgqVVsofYHe,merged-llava-v1.5-vicuna-7b-16k-13m_v1,False,"[947, 1496, 1021, 1578]"
638,mobile_d97a442a-6912-4a26-9387-fe5dee9b3d0a.png,"[408, 2208, 102, 222]",choose watercolor brush style,icon,ios,mobile,0.5743589743589741,"The fifth icon from the left in the bottom toolbar, resembling a bottle with a yellow label.","[585, 2329]",cb8n2NtypV9wfM7uxqYV7R,merged-llava-v1.5-vicuna-7b-16k-13m_v1,False,"[408, 2208, 510, 2430]"
641,mobile_d3865883-8214-4bff-9834-13987580abe8.png,"[771, 956, 321, 261]",add a circle,icon,ios,mobile,0.5743589743589741,"Blue circle in the second row, third column under the ""Basic"" tab.","[585, 1095]",aAnQW5RMQrQyuKaztXGkGR,merged-llava-v1.5-vicuna-7b-16k-13m_v1,False,"[771, 956, 1092, 1217]"
648,mobile_f6f4bdd0-01eb-41a4-b696-42fcc45097b6.png,"[870, 857, 255, 198]","choose the place called ""香港广场""",text,ios,mobile,0.5743589743589741,"Apple icon labeled ""Apple 香港广场"" located in the top-right area of the map near the intersection of Zhongshan North Road and Shimen Road.","[1056, 713]",7rkkq44ZovzfbSq7AKibTL,merged-llava-v1.5-vicuna-7b-16k-13m_v1,False,"[870, 857, 1125, 1055]"
662,mobile_6126718c-82ef-4406-8d00-3d4bf7a414c4.png,"[40, 1756, 1091, 240]",view the outdoor cycle report,text,ios,mobile,0.5743589743589741,"The ""Outdoor Cycle 57.78KM"" entry under the ""Workouts"" section.","[585, 1627]",MKGKhQ6guTbE3JDVhgz4Cp,merged-llava-v1.5-vicuna-7b-16k-13m_v1,False,"[40, 1756, 1131, 1996]"
671,mobile_9f4d72cc-149d-4613-b19a-759ee34d8a47.png,"[459, 360, 108, 99]",close the tab with the apple official website,icon,ios,mobile,0.5743589743589741,"Top-left tab with the Apple Watch image and the ""Apple (中国大陆) - 官..."" title, close button (X) in the upper-right corner.","[297, 752]",hGNd9zEDNfm8cewFLFnHGY,merged-llava-v1.5-vicuna-7b-16k-13m_v1,False,"[459, 360, 567, 459]"
674,mobile_79ef2997-19a2-4520-8647-b1ad1fc00ce8.png,"[82, 2154, 1007, 138]",search for the privacy report of a website,text,ios,mobile,0.5743589743589741,"Text ""Privacy Report"" in bold at the top left of the screen.","[292, 322]",UJJz8d427ygi5q6w2pjfVa,merged-llava-v1.5-vicuna-7b-16k-13m_v1,False,"[82, 2154, 1089, 2292]"
683,mobile_f6431461-6800-4054-a29d-d74b01514198.png,"[771, 112, 105, 108]",safety informations,icon,android,mobile,0.622222222222222,"Text below the app icon and name stating ""Secure mode has been on for 358 days"".","[540, 451]",HqdSejy5mzxDMGsUwFSnbD,merged-llava-v1.5-vicuna-7b-16k-13m_v1,False,"[771, 112, 876, 220]"
684,mobile_f6431461-6800-4054-a29d-d74b01514198.png,"[905, 105, 123, 130]",settings,icon,android,mobile,0.622222222222222,"Settings icon located at the top right corner, represented by a gear symbol.","[821, 165]",CzE5tNQSHQ3j8WhLNBMXag,merged-llava-v1.5-vicuna-7b-16k-13m_v1,False,"[905, 105, 1028, 235]"
686,mobile_b099c8b7-0ff4-404b-a1a2-10691a313a8b.png,"[699, 134, 126, 108]",open dynamic shot,icon,android,mobile,0.622222222222222,AI icon in the top center of the screen.,"[540, 191]",9iwsszkiePziCWRXx5Zrpb,merged-llava-v1.5-vicuna-7b-16k-13m_v1,False,"[699, 134, 825, 242]"
687,mobile_b099c8b7-0ff4-404b-a1a2-10691a313a8b.png,"[933, 134, 123, 108]",options,icon,android,mobile,0.622222222222222,"""AI"" option in the top center of the screen, highlighted in yellow.","[540, 191]",5HX3gPbmzirFdhnR9ssiW6,merged-llava-v1.5-vicuna-7b-16k-13m_v1,False,"[933, 134, 1056, 242]"
693,mobile_13b715bb-dd6e-462c-80f3-3ea629b114c0.png,"[31, 105, 90, 94]",return,icon,android,mobile,0.622222222222222,"""Done"" button in the top right corner of the screen.","[981, 147]",bywYaJMrkMwqrH9SUxLm4b,merged-llava-v1.5-vicuna-7b-16k-13m_v1,False,"[31, 105, 121, 199]"
698,mobile_07c1d6c0-7f94-457e-94b4-1e855dc1aded.png,"[392, 429, 144, 152]",play video,icon,android,mobile,0.622222222222222,"The play button in the center of the ""Plants vs. Zombies"" video thumbnail.","[467, 1620]",L2XZQcUvGSQFiGdxkTZE2E,merged-llava-v1.5-vicuna-7b-16k-13m_v1,False,"[392, 429, 536, 581]"
701,mobile_97752e81-d94b-49a1-8cb2-709395d63372.png,"[298, 253, 762, 155]",enter meeting id,text,android,mobile,0.622222222222222,"Text input field labeled ""Enter meeting ID"" located below ""Meeting ID"".","[540, 482]",f69Hj2i5mPHu3WVWWmqTwj,merged-llava-v1.5-vicuna-7b-16k-13m_v1,False,"[298, 253, 1060, 408]"
708,mobile_b92938f8-6822-49e4-9612-67debab64e9d.png,"[0, 105, 114, 105]",more functions,icon,android,mobile,0.622222222222222,Gear icon in the top right corner of the screen.,"[1017, 154]",PFnEJsHU2N2djE95CjpPbH,merged-llava-v1.5-vicuna-7b-16k-13m_v1,False,"[0, 105, 114, 210]"
710,mobile_aacb7bd4-e54a-4798-876a-eef079e17b2d.png,"[630, 1924, 426, 184]",1,icon,android,mobile,0.622222222222222,"""Rule-based"" radio button under ""Outbound Mode"" section.","[135, 1223]",BTZLgsGfKBgEQ9v29TnXmH,merged-llava-v1.5-vicuna-7b-16k-13m_v1,False,"[630, 1924, 1056, 2108]"
711,mobile_aacb7bd4-e54a-4798-876a-eef079e17b2d.png,"[569, 1021, 134, 108]",display ip address,icon,android,mobile,0.622222222222222,"""Public IP"" section with a flag icon and masked IP address.","[798, 1108]",fRuuE2AYVTNNLxYWmRFSfJ,merged-llava-v1.5-vicuna-7b-16k-13m_v1,False,"[569, 1021, 703, 1129]"
712,mobile_aacb7bd4-e54a-4798-876a-eef079e17b2d.png,"[78, 1184, 390, 94]",turn off rule-based mode,text,android,mobile,0.622222222222222,"Radio button labeled ""Direct"" under ""Outbound Mode"".","[130, 1359]",8exeZvHQkZb3Xjh5hnTzYd,merged-llava-v1.5-vicuna-7b-16k-13m_v1,False,"[78, 1184, 468, 1278]"
717,mobile_b7323848-f2e7-492c-95aa-e33e731ff196.png,"[674, 523, 123, 58]",open night mode,icon,android,mobile,0.622222222222222,"""Night"" option with a crescent moon icon located below ""Settings"" in the menu.","[446, 572]",G8SpokTGexVYqNMnPwwDQf,merged-llava-v1.5-vicuna-7b-16k-13m_v1,False,"[674, 523, 797, 581]"
719,mobile_35351ad5-e887-4f0c-8e11-b0ae43776394.png,"[897, 119, 148, 115]",options,icon,android,mobile,0.622222222222222,"""Options"" button located at the bottom right corner of the screen, labeled ""Me"" with a person icon.","[898, 2291]",5nPs9YJGMjjVHuwDRKuNQj,merged-llava-v1.5-vicuna-7b-16k-13m_v1,False,"[897, 119, 1045, 234]"
735,mobile_71a65a77-a4ba-4853-9530-5e781cbbaa67.png,"[266, 1707, 552, 105]",show policy agreement,text,android,mobile,0.622222222222222,"Blue ""Continue"" button at the bottom of the screen.","[540, 2190]",UTFQL3uA6FthsoAftjkTbc,merged-llava-v1.5-vicuna-7b-16k-13m_v1,False,"[266, 1707, 818, 1812]"
745,mobile_b4e274d0-a7b6-4cad-97ee-5581ef41c6a0.png,"[13, 1180, 1047, 253]",use shool group template,text,android,mobile,0.622222222222222,"""Study Group"" template option located third in the ""Start from a template"" section.","[540, 1489]",mj5dmCE8xXwuZKAq8aUHEU,merged-llava-v1.5-vicuna-7b-16k-13m_v1,False,"[13, 1180, 1060, 1433]"
758,mobile_1931c317-b01b-46c9-8c28-a5b81ad5495b.png,"[53, 1292, 437, 137]",copy text,text,android,mobile,0.622222222222222,"""Copy Text"" option located at the top of the menu list with a clipboard icon on the left.","[540, 1354]",aW7YwRSuBtGhEhHirYTHHq,merged-llava-v1.5-vicuna-7b-16k-13m_v1,False,"[53, 1292, 490, 1429]"
762,mobile_df977636-55ed-4c99-8ff1-569ef8e6c78a.png,"[937, 97, 126, 126]",display more functional icon,icon,android,mobile,0.622222222222222,"""More"" icon with four grey dots located at the top right of the second row of icons.","[945, 940]",kpBL56dsNbht5be76gsAvM,merged-llava-v1.5-vicuna-7b-16k-13m_v1,False,"[937, 97, 1063, 223]"
766,mobile_c988d05c-1c6d-4b0d-aacb-eafb866320fb.png,"[908, 2220, 134, 130]",show all message ,icon,android,mobile,0.622222222222222,"Blue ""Show more"" text link located at the end of the first tweet.","[540, 1155]",kQ8V6Dn8mjzPfkSvKbk7E9,merged-llava-v1.5-vicuna-7b-16k-13m_v1,False,"[908, 2220, 1042, 2350]"
773,mobile_99daacb4-408c-4cdf-8f14-2c01675fda1f.png,"[868, 1346, 101, 119]",set to biggest font size,icon,android,mobile,0.622222222222222,"Rightmost ""A"" icon on the font size slider.","[996, 1433]",XgFYg6UMWukhPbZBsWsNLm,merged-llava-v1.5-vicuna-7b-16k-13m_v1,False,"[868, 1346, 969, 1465]"
777,mobile_597cf265-2586-43ab-8048-99e06141f39f.png,"[623, 296, 260, 90]",share,icon,android,mobile,0.622222222222222,"Share icon located to the right of the comment icon, below the post with four images of a butterfly figure.","[953, 1838]",etz9h5frvpMLcUYwo4YKbJ,merged-llava-v1.5-vicuna-7b-16k-13m_v1,False,"[623, 296, 883, 386]"
778,mobile_597cf265-2586-43ab-8048-99e06141f39f.png,"[6, 119, 144, 115]",more options,icon,android,mobile,0.622222222222222,Gray downward arrow located to the right of the username and timestamp of the top post.,"[988, 530]",agtXhp7gVcnGbrpxBUU7Tm,merged-llava-v1.5-vicuna-7b-16k-13m_v1,False,"[6, 119, 150, 234]"
784,mobile_bce7a892-9cb2-432a-b678-2429d4f51d3d.png,"[825, 567, 209, 115]",install app,text,android,mobile,0.622222222222222,"First ""Install"" button to the right of the app with the lion icon and 4.6-star rating.","[932, 1041]",QfF8SAAvBmqjbo7wqNNraG,merged-llava-v1.5-vicuna-7b-16k-13m_v1,False,"[825, 567, 1034, 682]"
785,mobile_bce7a892-9cb2-432a-b678-2429d4f51d3d.png,"[919, 134, 115, 148]",show all downloading apps,icon,android,mobile,0.622222222222222,"""Downloads"" tab under the ""GAME"" section at the top of the screen.","[202, 451]",E4NtyN76kADd5sktpSwpCE,merged-llava-v1.5-vicuna-7b-16k-13m_v1,False,"[919, 134, 1034, 282]"
787,mobile_daf338f0-ebfc-488e-9a55-f8cc03394148.png,"[836, 1433, 195, 108]",view details,text,android,mobile,0.622222222222222,"""View"" button next to the ""JD Finance"" app icon in the ""已安装应用精彩内容"" section.","[916, 2073]",E7RjkQpSmtxx9HLGYDA6oA,merged-llava-v1.5-vicuna-7b-16k-13m_v1,False,"[836, 1433, 1031, 1541]"
788,mobile_daf338f0-ebfc-488e-9a55-f8cc03394148.png,"[847, 715, 198, 155]",update application,text,android,mobile,0.622222222222222,"Green ""Update"" button to the right of the ""Messaging"" app icon and name.","[940, 469]",gB4qvq99C8ETPfH9KrnDQo,merged-llava-v1.5-vicuna-7b-16k-13m_v1,False,"[847, 715, 1045, 870]"
794,mobile_6ad7dd8f-82d3-4e73-b437-667dc1b24574.png,"[28, 253, 668, 159]",switch to a new scence,text,android,mobile,0.622222222222222,"""Scenes"" button located at the bottom navigation bar, fourth icon from the left.","[750, 2285]",A57oUWiK4MBc4vpDC3pCTW,merged-llava-v1.5-vicuna-7b-16k-13m_v1,False,"[28, 253, 696, 412]"
795,mobile_6ad7dd8f-82d3-4e73-b437-667dc1b24574.png,"[392, 1245, 108, 134]",open landlanp,icon,android,mobile,0.622222222222222,"""Space"" tab located between ""Devices"" and ""My home"" at the top navigation bar.","[377, 647]",BRXpnEvEi8LfTACia66HGW,merged-llava-v1.5-vicuna-7b-16k-13m_v1,False,"[392, 1245, 500, 1379]"
816,mobile_16545bc1-c614-4dc3-a81c-3d349a93e07d.png,"[976, 389, 103, 103]",setting up airpods connection,icon,ios,mobile,0.5743589743589741,"Bluetooth icon in the second row, second column, highlighted in blue.","[438, 1015]",fB8Zo2ZBGnbDq8cWLDhjRT,merged-llava-v1.5-vicuna-7b-16k-13m_v1,False,"[976, 389, 1079, 492]"
825,mobile_ec01cb13-de9a-4a4b-9a79-5f810b034474.png,"[509, 2276, 151, 141]",use airplay,icon,ios,mobile,0.5743589743589741,"AirPlay icon located at the bottom center of the screen, resembling a triangle with concentric circles above it.","[877, 1937]",eqpUVra9xmoWy6DT4XhzQN,merged-llava-v1.5-vicuna-7b-16k-13m_v1,False,"[509, 2276, 660, 2417]"
826,mobile_ec01cb13-de9a-4a4b-9a79-5f810b034474.png,"[810, 2278, 151, 141]",check the play list,icon,ios,mobile,0.5743589743589741,"Three vertical dots icon to the right of the song title ""Terrestrial Analogue (Emergenc"".","[1022, 1512]",7QeRCdZkj5DLax2ctCGugV,merged-llava-v1.5-vicuna-7b-16k-13m_v1,False,"[810, 2278, 961, 2419]"
834,mobile_c9fe8f06-aa80-4f6a-abe2-5886567fdea3.png,"[850, 521, 118, 122]",random music,icon,ios,mobile,0.5743589743589741,"Shuffle icon located to the right of ""Playing Next"" text.","[997, 579]",hXgRTK3dw4kSoDvKjdQSge,merged-llava-v1.5-vicuna-7b-16k-13m_v1,False,"[850, 521, 968, 643]"
839,web_e40f1b3f-0f26-4313-a6a2-d79e1047951b.png,"[1753, 8, 112, 77]",add a new one,icon,gitlab,web,0.525,"""Mark all as done"" button located at the top right corner of the To-Do List section.","[2380, 281]",UmZLxg2hvtjcocGUQEMDRD,merged-llava-v1.5-vicuna-7b-16k-13m_v1,False,"[1753, 8, 1865, 85]"
840,web_fd8d71f6-4229-4458-a77e-7d8a6347c8e9.png,"[2044, 96, 481, 187]",go to personal homepage,icon,gitlab,web,0.525,"Profile icon in the top right corner, then select ""Edit profile"" from the dropdown menu.","[2259, 394]",Pjde6w5iidi3GLGTU4cVTh,merged-llava-v1.5-vicuna-7b-16k-13m_v1,False,"[2044, 96, 2525, 283]"
844,web_4e1d5837-4731-43f3-8101-52375498c4ad.png,"[1704, 678, 83, 59]",fork the a11y project,icon,gitlab,web,0.525,"The ""The A11Y Project / a11yproject.com"" project link under the ""Starred"" tab.","[384, 720]",n6MoRK3vnDxayumTxawEZ5,merged-llava-v1.5-vicuna-7b-16k-13m_v1,False,"[1704, 678, 1787, 737]"
854,web_6c677961-e540-4cc5-b725-5e301019a9f9.png,"[2429, 778, 74, 66]",full screen display,icon,gitlab,web,0.525,"Button with four arrows icon located at the bottom right corner of the ""Description"" text area.","[2220, 805]",esoq8JpeEAthdwBpkhuq2J,merged-llava-v1.5-vicuna-7b-16k-13m_v1,False,"[2429, 778, 2503, 844]"
855,web_6c677961-e540-4cc5-b725-5e301019a9f9.png,"[2282, 775, 75, 68]",insert tables,icon,gitlab,web,0.525,"Table icon in the toolbar above the ""Write a description or drag your files here"" text area.","[2360, 805]",TAkpj3QWbmxfftHHXUoX3t,merged-llava-v1.5-vicuna-7b-16k-13m_v1,False,"[2282, 775, 2357, 843]"
856,web_6c677961-e540-4cc5-b725-5e301019a9f9.png,"[543, 853, 1986, 282]",write a description,text,gitlab,web,0.525,"Title input field under ""New Issue"" header, with placeholder text ""Title (required)"" and blue border.","[1565, 440]",E438qJvP6PSb7b9jpcQuHR,merged-llava-v1.5-vicuna-7b-16k-13m_v1,False,"[543, 853, 2529, 1135]"
857,web_9443f61f-7d14-4e60-8297-29df73b7cbdd.png,"[2430, 317, 67, 68]",sort by created date,icon,gitlab,web,0.525,"Dropdown menu labeled ""Created date"" located to the right of the search bar.","[2323, 354]",Q7Y6Z8eui3ZegVLf5f7ppw,merged-llava-v1.5-vicuna-7b-16k-13m_v1,False,"[2430, 317, 2497, 385]"
866,web_b97bb6a3-999c-463a-b957-5584c14c8395.png,"[1875, 204, 79, 78]",more information,icon,gitlab,web,0.525,"""Create merge request"" blue button located to the right of the issue description.","[1754, 739]",XWXa88dZYNLcrk6ECp5crG,merged-llava-v1.5-vicuna-7b-16k-13m_v1,False,"[1875, 204, 1954, 282]"
872,web_8d623438-5ac7-44f8-ab67-e07309a92f4a.png,"[2407, 119, 139, 78]",view all personal projects,text,gitlab,web,0.525,"""View all"" link located at the top right of the ""Personal projects"" section.","[1180, 160]",PPn3sB73Bk3WgS7eeEwkKr,merged-llava-v1.5-vicuna-7b-16k-13m_v1,False,"[2407, 119, 2546, 197]"
876,web_0492a7c3-3b0d-4f62-8c0d-939ad51aa616.png,"[31, 1232, 769, 123]",check the docs of how to use gitlab,text,gitlab,web,0.525,"Link text ""docs.gitlab.com"" located below the ""Check the current instance configuration"" link.","[249, 893]",ZhHeydJb4zouktZqhfAMpQ,merged-llava-v1.5-vicuna-7b-16k-13m_v1,False,"[31, 1232, 800, 1355]"
893,web_fa9667b8-9bc1-4c58-b4ca-bd2d96780473.png,"[109, 938, 298, 88]",get free trial,text,gitlab,web,0.525,"""Get free trial"" button in the top right corner of the navigation bar.","[2205, 140]",bAuvrhExzFMXBfzjSBeX4G,merged-llava-v1.5-vicuna-7b-16k-13m_v1,False,"[109, 938, 407, 1026]"
902,web_463c0536-492e-475c-930d-d95ee476ec3c.png,"[853, 573, 67, 63]",has question about visibility level,icon,gitlab,web,0.525,"""Visibility Level"" section with radio buttons for Private, Internal, and Public options.","[695, 613]",MToqKfrubrxLSH7B5TT4UE,merged-llava-v1.5-vicuna-7b-16k-13m_v1,False,"[853, 573, 920, 636]"
903,web_463c0536-492e-475c-930d-d95ee476ec3c.png,"[662, 1106, 48, 51]",enable static application security testing,icon,gitlab,web,0.525,"Checkbox labeled ""Enable Static Application Security Testing (SAST)"" under the ""Project Configuration"" section.","[651, 1131]",o2a3s6pZG6JxpogTANDjfh,merged-llava-v1.5-vicuna-7b-16k-13m_v1,False,"[662, 1106, 710, 1157]"
904,web_6d17bf02-a44b-4af7-9791-a4a59881ea3c.png,"[2430, 362, 62, 66]",sort by updated date,icon,gitlab,web,0.525,"Dropdown menu labeled ""Updated date"" located to the right of the search bar.","[2310, 400]",LkJErQgSad4wiHgCXvLX6P,merged-llava-v1.5-vicuna-7b-16k-13m_v1,False,"[2430, 362, 2492, 428]"
907,web_3fed2169-3c3d-43e7-baaa-3bf0e0c7134c.png,"[1878, 330, 70, 67]",edit this issue,icon,gitlab,web,0.525,"Edit button next to ""Assignee"" on the right sidebar.","[2485, 247]",aaoUADFakDuUSKmU4nAMbS,merged-llava-v1.5-vicuna-7b-16k-13m_v1,False,"[1878, 330, 1948, 397]"
908,web_3fed2169-3c3d-43e7-baaa-3bf0e0c7134c.png,"[1880, 205, 66, 67]",more information,icon,gitlab,web,0.525,"""Create merge request"" blue button located on the right side of the issue description.","[1733, 885]",o3JE2zrnxv4utFAiZKHxqF,merged-llava-v1.5-vicuna-7b-16k-13m_v1,False,"[1880, 205, 1946, 272]"
910,web_6466b8cc-deea-451a-8019-d0684052d771.png,"[1731, 1045, 71, 53]",comment to administrator,icon,gitlab,web,0.525,"Text input field below the comment by Administrator in the ""Activity"" section.","[1280, 1120]",YWTFDWPS32mDaiZ4jhXt76,merged-llava-v1.5-vicuna-7b-16k-13m_v1,False,"[1731, 1045, 1802, 1098]"
913,web_4befbc37-411b-4621-8a3c-c1d95676efa1.png,"[2203, 659, 111, 66]",download the project,icon,gitlab,web,0.525,"Blue ""Clone"" button located to the right of the ""Web IDE"" button.","[2400, 697]",3KUS2NaTDTrPo5rfx7t2fE,merged-llava-v1.5-vicuna-7b-16k-13m_v1,False,"[2203, 659, 2314, 725]"
917,web_586be1bf-6fab-43bf-adad-640eaab4a0df.png,"[2403, 644, 63, 67]",copy the ssh link,icon,gitlab,web,0.525,"SSH link text field under ""Clone with SSH"" in the dropdown menu next to the ""Clone"" button.","[2158, 681]",a7ksBXCKSpPPzDrVg8YpCy,merged-llava-v1.5-vicuna-7b-16k-13m_v1,False,"[2403, 644, 2466, 711]"
918,web_586be1bf-6fab-43bf-adad-640eaab4a0df.png,"[2400, 785, 66, 70]",copy the http link,icon,gitlab,web,0.525,"""Clone with HTTP"" link under the ""Clone"" dropdown menu.","[2158, 748]",LNWi9TDvFv8xnJa3ZLJiRV,merged-llava-v1.5-vicuna-7b-16k-13m_v1,False,"[2400, 785, 2466, 855]"
919,web_3eca74aa-1d45-45a3-ae2b-694ae83b0068.png,"[2427, 529, 64, 63]",download the file,icon,gitlab,web,0.525,The download icon resembling a downward arrow located to the right of the file size information (1.41 KiB) for the file .eleventy.js.,"[817, 561]",mbnYT5AdgpJi8E2wtb6WFG,merged-llava-v1.5-vicuna-7b-16k-13m_v1,False,"[2427, 529, 2491, 592]"
921,web_48737870-2f75-4199-a2d0-176d04543b2b.png,"[2427, 342, 70, 77]",more information of n-lab project,icon,gitlab,web,0.525,"""n-lab"" group name in the first row under ""Your groups"" tab.","[230, 380]",AUeeWsd8LKssfmWpYe65Dg,merged-llava-v1.5-vicuna-7b-16k-13m_v1,False,"[2427, 342, 2497, 419]"
923,web_6b9059c2-656d-4a37-b585-9df4ef2f0c7f.png,"[1871, 495, 115, 79]",star the chatgpt project,icon,gitlab,web,0.525,"Star icon next to ""Chatgpt"" project under ""Subgroups and projects"" section.","[860, 529]",m4TeZX2jwiRyoufeh9JDX8,merged-llava-v1.5-vicuna-7b-16k-13m_v1,False,"[1871, 495, 1986, 574]"
927,web_7d1b09cc-3602-4670-9fb2-d81afb5ec381.png,"[632, 315, 94, 94]",has question about scope,icon,shop,web,0.525,"Dropdown menu labeled ""Scope: All Store Views"" located below the ""Dashboard"" heading.","[499, 361]",VTLedf7DGafWeSR2jQjSw5,merged-llava-v1.5-vicuna-7b-16k-13m_v1,False,"[632, 315, 726, 409]"
936,web_de7dcaf3-f2e3-49f4-84fd-36088f39238c.png,"[234, 889, 107, 82]",select the div garg,icon,shop,web,0.525,"Div element with text ""Div garg"" in the Name column, second row of the table under Customers section.","[401, 921]",YeJGyM7oNoxenM8BUhJhHc,merged-llava-v1.5-vicuna-7b-16k-13m_v1,False,"[234, 889, 341, 971]"
943,web_10e24c0f-e9af-4542-b074-5a14a7645717.png,"[1109, 4, 122, 88]",close the sales,icon,shop,web,0.525,"""SALES"" icon in the left vertical navigation menu, second from the top, represented by a dollar sign.","[89, 320]",9VYnX7dHYBnG5GYmCeq6o8,merged-llava-v1.5-vicuna-7b-16k-13m_v1,False,"[1109, 4, 1231, 92]"
973,web_a4d22512-1c68-4fda-9b49-d207326365ce.png,"[14, 570, 252, 78]",print the page,text,shop,web,0.525,"""Print This Page"" link located below the ""Compare Products"" heading.","[1280, 613]",8iyt338hxhesNmabu4n3yJ,merged-llava-v1.5-vicuna-7b-16k-13m_v1,False,"[14, 570, 266, 648]"
976,web_844d70be-3743-409c-abf0-a148975fdbc8.png,"[2434, 775, 70, 66]",sort from largest to smallest,icon,shop,web,0.525,"Dropdown menu labeled ""Sort By"" located on the right side above product listings.","[2310, 803]",YtGgBJCZQGQv3UfeL8TnAd,merged-llava-v1.5-vicuna-7b-16k-13m_v1,False,"[2434, 775, 2504, 841]"
979,web_a6e78bca-0f72-405b-8bda-7c0edc617b4e.png,"[2364, 444, 146, 101]",details about dead sea collection salt,text,shop,web,0.525,"Dead Sea Collection Salt Scrub with Eucalyptus Oil to stimulate and vivify 23.28oz. link under Product Name column, first row.","[1255, 491]",hArPrA2XRCwQAHhHMiwidb,merged-llava-v1.5-vicuna-7b-16k-13m_v1,False,"[2364, 444, 2510, 545]"
985,web_b2d92416-5c93-4a09-8304-44b8d166a7c7.png,"[857, 918, 83, 81]",question for remote shopping assistance,icon,shop,web,0.525,"Checkbox labeled ""Allow remote shopping assistance"" under the ""Personal Information"" section.","[363, 960]",BQafoT5Pk7XDbJm3zSP94m,merged-llava-v1.5-vicuna-7b-16k-13m_v1,False,"[857, 918, 940, 999]"
1004,web_89d60b8b-3f6d-4160-93d4-1791d4899455.png,"[122, 351, 56, 45]",unsupport the book,icon,forum,web,0.525,"Unsubscribe button in the right sidebar under the ""books"" section.","[2034, 670]",CBvvhmFKesp9E9dmwXgWS6,merged-llava-v1.5-vicuna-7b-16k-13m_v1,False,"[122, 351, 178, 396]"
1011,web_aa8f1636-1c5c-4a79-b8d9-f92956ba78e9.png,"[122, 591, 57, 49]",support the second book,icon,forum,web,0.525,"Second post titled ""A huge THANK YOU to the user that suggested Lonesome Dove"" with 4 upvotes.","[811, 628]",RuAoJs9VT5PPCAuAgHFrfU,merged-llava-v1.5-vicuna-7b-16k-13m_v1,False,"[122, 591, 179, 640]"
1017,web_ab471260-bba4-4f1a-a34b-2391c3c88674.png,"[382, 592, 93, 53]",replay the no.82 comment,text,forum,web,0.525,Reply link below the comment with 82 upvotes by BisquickNinja.,"[409, 323]",H97zZABo8KzXWxsc4YDX5d,merged-llava-v1.5-vicuna-7b-16k-13m_v1,False,"[382, 592, 475, 645]"
1020,web_0481a1db-93fd-4d1e-9146-15526e37eacd.png,"[129, 1078, 59, 51]",support the no. 72 comment,icon,forum,web,0.525,"Reply link below the comment with ""72"" upvotes that says ""You definitely need to tell her what they said"".","[240, 1230]",7sPEWUmb2R8NAqLA6EZkQ6,merged-llava-v1.5-vicuna-7b-16k-13m_v1,False,"[129, 1078, 188, 1129]"
1043,web_516f6429-4157-45f8-93a4-db1d525cedb9.png,"[748, 851, 46, 45]",close the message box,icon,forum,web,0.525,"Blue message box with ""Click to save this article"" text, containing a white ""X"" button in the top-right corner.","[540, 1011]",5LPxu9N7TE44Bh2EqcKQnH,merged-llava-v1.5-vicuna-7b-16k-13m_v1,False,"[748, 851, 794, 896]"
1048,web_6f420f7d-e710-428d-99fa-9606adb5f509.png,"[1753, 12, 472, 85]",subscribe the website,text,forum,web,0.525,"""Subscribe to newsletters"" button located at the top left corner of the webpage.","[339, 53]",ktVzwLbvBWDBnpaMzUVuMm,merged-llava-v1.5-vicuna-7b-16k-13m_v1,False,"[1753, 12, 2225, 97]"
1058,web_4bf90a3b-dcde-4d16-ba02-470eb8976199.png,"[201, 416, 1141, 693]",check the image,icon,forum,web,0.525,"""HarryPotter characters by murder count"" post with 18 comments, located below the ""Kids in HarryPotter never learn how to write and spelling"" post.","[569, 321]",hAYfSbsRzCCQ2DPT4xQfc5,merged-llava-v1.5-vicuna-7b-16k-13m_v1,False,"[201, 416, 1342, 1109]"
1067,web_7562f51e-fb02-4c70-a69c-bf02a6b253fa.png,"[124, 418, 51, 37]",support the first new,icon,forum,web,0.525,"""Naval Academy Renames Building After Jimmy Carter"" news title under the ""Submissions"" tab.","[735, 440]",VT7QNMG6SN6JECyVntsWUS,merged-llava-v1.5-vicuna-7b-16k-13m_v1,False,"[124, 418, 175, 455]"
1071,web_d9841866-2ee7-4afd-a77a-8c0e52f6691c.png,"[1969, 1259, 42, 36]",close the ad banner,icon,forum,web,0.525,"White ""X"" button on the top-right corner of the ad banner with ""Bayhealth"" logo.","[2024, 504]",LuKuEbXtHhr429RGE3EGjk,merged-llava-v1.5-vicuna-7b-16k-13m_v1,False,"[1969, 1259, 2011, 1295]"
1073,web_d9841866-2ee7-4afd-a77a-8c0e52f6691c.png,"[1979, 475, 71, 62]",log in by x account,icon,forum,web,0.525,"Blue ""Log In"" button located at the top right corner of the webpage header.","[2476, 502]",4qVSi8xWbZ4YESUk5EepiD,merged-llava-v1.5-vicuna-7b-16k-13m_v1,False,"[1979, 475, 2050, 537]"
1085,web_20979acb-d8af-4fa2-becf-ed38f73f5fcb.png,"[511, 122, 82, 68]",search the result,icon,tool,web,0.525,"Search bar located at the top left corner, next to the ""OpenStreetMap"" logo, with a ""Go"" button on its right.","[201, 156]",kayozLBW5A47zQhrCMqHJK,merged-llava-v1.5-vicuna-7b-16k-13m_v1,False,"[511, 122, 593, 190]"
1090,web_f2db3d49-18fb-4517-8de8-bd5d73efecb9.png,"[2486, 288, 71, 82]",locate to my position,icon,tool,web,0.525,"Blue circular button with a white arrow inside, located on the right side of the screen below the zoom controls.","[2516, 594]",9auVp9d3NJKznXn4EjhHpM,merged-llava-v1.5-vicuna-7b-16k-13m_v1,False,"[2486, 288, 2557, 370]"
1092,web_2d6ce349-19b2-438b-bc41-611bb64ee63b.png,"[2478, 553, 79, 74]",share the map with someone,icon,tool,web,0.525,"Icon with an arrow pointing to the right, located on the right vertical toolbar, fourth from the top.","[2520, 784]",K3XYeVvG4PQGZe9davBfVZ,merged-llava-v1.5-vicuna-7b-16k-13m_v1,False,"[2478, 553, 2557, 627]"
1097,web_bbe84736-3a87-4cc1-b9f1-e10144d28f94.png,"[385, 1034, 153, 41]",check the result in new york,text,tool,web,0.525,"Link text ""Town of Boston, Erie County, New York, 14025, United States"" in the search results list.","[339, 798]",DtTVQRPurUm2Jvc4p8AtFF,merged-llava-v1.5-vicuna-7b-16k-13m_v1,False,"[385, 1034, 538, 1075]"
1098,web_bbe84736-3a87-4cc1-b9f1-e10144d28f94.png,"[604, 127, 79, 68]",navigating to boston,icon,tool,web,0.525,"Link labeled ""City Boston, Suffolk County, Massachusetts, United States"" in the search results on the left panel.","[339, 518]",ZftkVywukqMALCBQNbiW8N,merged-llava-v1.5-vicuna-7b-16k-13m_v1,False,"[604, 127, 683, 195]"
1099,web_da9f908d-568d-4d65-8587-47870f78f678.png,"[492, 18, 55, 71]",more option of edit button,icon,tool,web,0.525,Edit button located at the top left corner next to the OpenStreetMap logo.,"[455, 55]",PcAanHw5t6q57HJr5CsmEq,merged-llava-v1.5-vicuna-7b-16k-13m_v1,False,"[492, 18, 547, 89]"
1102,web_4b78be88-30cd-401d-8d6d-4ef5a035fbda.png,"[1921, 715, 87, 90]",add a place mark,icon,tool,web,0.525,"Green ""Edit"" button located at the top left corner next to the OpenStreetMap logo.","[495, 60]",XsGfK3DG8uaUbRekizAA3b,merged-llava-v1.5-vicuna-7b-16k-13m_v1,False,"[1921, 715, 2008, 805]"
1110,web_fa131c38-3d94-4e5a-ba3a-269724d93a30.png,"[2292, 1051, 36, 36]",close the location labels on the map,icon,tool,web,0.525,"White ""X"" button inside the white box with text ""2. At the fork turn left onto Adams Street"" on the map.","[2249, 1076]",QZaTZCsWaaCxRLHeF88FkV,merged-llava-v1.5-vicuna-7b-16k-13m_v1,False,"[2292, 1051, 2328, 1087]"
1111,web_fa131c38-3d94-4e5a-ba3a-269724d93a30.png,"[25, 1048, 721, 115]","check the direction of ""slight left onto hancock street""",text,tool,web,0.525,"Fourth item in the directions list, text: ""Slight left onto Hancock Street (MA 3A)"", located below ""Turn right onto Newport Avenue"".","[377, 1243]",YKPvm4CT8q9TpdmZ4sda4B,merged-llava-v1.5-vicuna-7b-16k-13m_v1,False,"[25, 1048, 746, 1163]"
1114,web_833f9d90-a50c-4f03-9eb6-e740aa811fa0.png,"[2470, 824, 90, 93]",mark a question place,icon,tool,web,0.525,"""Where is this?"" text in the search bar at the top left.","[464, 171]",A5snFSRyszqN4X8GEzR9Hm,merged-llava-v1.5-vicuna-7b-16k-13m_v1,False,"[2470, 824, 2560, 917]"
1115,web_833f9d90-a50c-4f03-9eb6-e740aa811fa0.png,"[1984, 1403, 287, 33]",goto openstreetmap france,text,tool,web,0.525,"""Website and API terms"" link at the bottom right corner of the map.","[2409, 1426]",TAn5sBHABbJRUHoFtdsARD,merged-llava-v1.5-vicuna-7b-16k-13m_v1,False,"[1984, 1403, 2271, 1436]"
1116,web_2345b5ec-6280-470e-9a6d-92a85d8b8873.png,"[107, 1053, 150, 44]",goto starbucks in auburn street,text,tool,web,0.525,"Cafe Starbucks, Auburn Street, North Deering, Portland, Cumberland County, Maine, 04103, United States.","[369, 1108]",cC5NLqsZurkwaWZYFu554j,merged-llava-v1.5-vicuna-7b-16k-13m_v1,False,"[107, 1053, 257, 1097]"
1124,web_c5db0d44-6584-42e2-85c7-e4802276bad0.png,"[30, 652, 702, 566]",edit note,icon,tool,web,0.525,"""Add Note"" button located below the text input box on the left side of the screen.","[140, 1308]",cvPyB4Lfuv38Qpy9gYFDwc,merged-llava-v1.5-vicuna-7b-16k-13m_v1,False,"[30, 652, 732, 1218]"
1126,web_c5db0d44-6584-42e2-85c7-e4802276bad0.png,"[1418, 553, 52, 55]",add a note for the place on the map,icon,tool,web,0.525,"""Add Note"" button below the text input box on the left side of the screen.","[140, 1308]",MZ9Mc5r535wbCyJvmCvhBx,merged-llava-v1.5-vicuna-7b-16k-13m_v1,False,"[1418, 553, 1470, 608]"
1127,web_5e5f5a65-435a-424f-baf9-e5bf89b917f6.png,"[768, 127, 1694, 1273]",check the map,icon,tool,web,0.525,"Map area on the right side of the screen, displaying geographical features and locations, with zoom controls on the right edge.","[2510, 480]",VTCwpQxVPUmTJJwYi2E7BR,merged-llava-v1.5-vicuna-7b-16k-13m_v1,False,"[768, 127, 2462, 1400]"
1130,web_e0425287-c246-4122-a26e-6e0ca5958d4e.png,"[2046, 704, 415, 38]",check geo uri,icon,tool,web,0.525,Geo URI link located under the 'Geo URI' section on the right sidebar.,"[2220, 674]",VkZEBXL7Ugk3niyVBfs8bc,merged-llava-v1.5-vicuna-7b-16k-13m_v1,False,"[2046, 704, 2461, 742]"
1132,web_adbf2de0-3a79-4ffd-b344-b4a068f192ea.png,"[2473, 521, 82, 82]",more information,icon,tool,web,0.525,"""Learn More"" button located in the welcome message box on the left side of the screen.","[207, 807]",CRReXkRkMDgvK2jMWMsePd,merged-llava-v1.5-vicuna-7b-16k-13m_v1,False,"[2473, 521, 2555, 603]"
1139,web_c6e1ac03-ebaf-4ebe-8fb2-5d6f8769f385.png,"[2115, 540, 137, 33]",look into wikidata,text,tool,web,0.525,"Wikidata icon and text link located in the second row, third column, labeled ""Wikidata Free knowledge base.""","[2240, 579]",J2mYvHosjVVdxj4FoyePfD,merged-llava-v1.5-vicuna-7b-16k-13m_v1,False,"[2115, 540, 2252, 573]"
1141,web_467ae916-9a16-4517-85cc-f439c79e8c44.png,"[1653, 788, 126, 107]",search result,icon,tool,web,0.525,Search bar with a dropdown language selector and a blue search button located below the central Wikipedia globe logo.,"[1207, 834]",VspLg4eDMqwmQVyGVJo6KM,merged-llava-v1.5-vicuna-7b-16k-13m_v1,False,"[1653, 788, 1779, 895]"
1143,web_df166734-1f33-4e1d-887f-292ee9c21502.png,"[803, 534, 150, 38]",goto france wikipedia,text,tool,web,0.525,"Français 4,993,000+ entrées link located to the left of the central tile graphic.","[910, 586]",UqgW5Az2achsCnUkUCRZWq,merged-llava-v1.5-vicuna-7b-16k-13m_v1,False,"[803, 534, 953, 572]"
1145,web_c762cbb8-b6b0-48e3-84ad-5c4090137fa2.png,"[1617, 936, 109, 87]",search result for machine learning,icon,tool,web,0.525,"""machine learning"" suggestion in the dropdown list below the search bar.","[1230, 1064]",7MPsiqRMvhuZ7ARmSo9sPd,merged-llava-v1.5-vicuna-7b-16k-13m_v1,False,"[1617, 936, 1726, 1023]"
1147,web_7777a073-0358-46a8-babb-60c07c7bb17d.png,"[1041, 1034, 38, 36]",look into reference [1],icon,tool,web,0.525,"Reference [1] link next to ""Coined by Arthur Samuel in 1959."" under the ""Etymology"" section.","[1032, 1057]",SJpepNy9jFkoGAGz9QDm5C,merged-llava-v1.5-vicuna-7b-16k-13m_v1,False,"[1041, 1034, 1079, 1070]"
1148,web_77e68e05-bbe4-4f54-96fa-79f714c17505.png,"[350, 1400, 49, 40]",language setting,icon,tool,web,0.525,"""In other languages"" section at the bottom left of the sidebar.","[207, 1424]",gikbAeHNPj4yB262Qtqstd,merged-llava-v1.5-vicuna-7b-16k-13m_v1,False,"[350, 1400, 399, 1440]"
1154,web_e402fd4e-8ee3-4e90-9f08-4e6b8d223022.png,"[1617, 1359, 55, 46]",copy url link of the media,text,tool,web,0.525,"""Media of the day"" section, video thumbnail with play button, located below the ""Media of the day"" heading.","[1108, 1017]",nnM9KNvaGpPeor76rfoZrd,merged-llava-v1.5-vicuna-7b-16k-13m_v1,False,"[1617, 1359, 1672, 1405]"
1157,web_dc5cf80d-74c4-475e-928f-ee6b7ef254a1.png,"[2008, 827, 107, 117]",open mediawiki,text,tool,web,0.525,"MediaWiki icon and text labeled ""Free & open wiki application"" located in the bottom right section.","[2240, 897]",Vp267umHFhy4mnczXRxNqs,merged-llava-v1.5-vicuna-7b-16k-13m_v1,False,"[2008, 827, 2115, 944]"
1163,web_7cbc6d11-a481-45ae-a054-d89301abd2d6.png,"[2240, 392, 74, 38]",switch page's language into chinese,icon,tool,web,0.525,中文 link next to 'русский' in the Language section under 'Create account' heading,"[2179, 415]",TaYQUqaaP5YrTuVxNEt47R,merged-llava-v1.5-vicuna-7b-16k-13m_v1,False,"[2240, 392, 2314, 430]"
1172,web_cd72d06c-67ca-4ed8-b550-dcf4b33e5381.png,"[2385, 1154, 71, 63]",open options page,text,tool,web,0.525,"Three vertical dots in the top right corner next to ""Log in"".","[2428, 80]",Pb8PW4u5qNu8CAZAbw2vaE,merged-llava-v1.5-vicuna-7b-16k-13m_v1,False,"[2385, 1154, 2456, 1217]"
1175,web_41a4c02b-d68f-48a0-9ea1-a5a20d2ddf3c.png,"[1694, 753, 202, 350]",open pic of home colours,text,tool,web,0.525,"""Home colours"" link below the image of the red and white football kit on the right side of the page.","[1784, 1131]",BaKaHbCiPLDuv8EAaTiFLg,merged-llava-v1.5-vicuna-7b-16k-13m_v1,False,"[1694, 753, 1896, 1103]"
1176,web_be6a7bf9-9411-430f-a685-e97c75f44310.png,"[126, 1034, 238, 41]",show helps for how to edit wikipedia page information,icon,tool,web,0.525,"""Help"" link located in the left sidebar menu under the ""Contribute"" section.","[369, 979]",Q3kM3RZhsn8DSKzVmjGRtG,merged-llava-v1.5-vicuna-7b-16k-13m_v1,False,"[126, 1034, 364, 1075]"
1177,web_be6a7bf9-9411-430f-a685-e97c75f44310.png,"[2399, 436, 52, 63]",open options,text,tool,web,0.525,"Three vertical dots in the top right corner next to ""Log in"".","[2428, 80]",MqmrJyzeEGZdMbDs8RcKec,merged-llava-v1.5-vicuna-7b-16k-13m_v1,False,"[2399, 436, 2451, 499]"
1183,web_b2914206-25b0-46b6-a829-c1208293c3ac.png,"[202, 7, 470, 126]",go to homepage of wikipedia,icon,tool,web,0.525,"""Main Page"" link located at the top left corner of the Wikipedia page, next to the ""Talk"" link.","[196, 274]",A8GCSxa5yETYRss5b6rLRf,merged-llava-v1.5-vicuna-7b-16k-13m_v1,False,"[202, 7, 672, 133]"
1187,web_22e2b9c7-0140-47aa-8e14-cfd883f3baaf.png,"[2358, 829, 41, 71]",open linked pdf file,text,tool,web,0.525,"Link labeled ""Building a large annotated corpus of English: The Penn Treebank"" followed by a PDF icon, located in reference number 5.","[1954, 857]",AumBqmC9KhMYHMgAFT3H9Y,merged-llava-v1.5-vicuna-7b-16k-13m_v1,False,"[2358, 829, 2399, 900]"
1193,web_3ff7abbd-cbd0-4396-ae77-94e34376edb5.png,"[803, 993, 213, 44]","enter pape of 1,000 palaces to see before you die",icon,tool,web,0.525,"""1,000 Places to See Before You Die"" link in the third bullet point under the ""Did you know ..."" section.","[640, 1047]",WMpLHEmh7B8QV7wyoSYELV,merged-llava-v1.5-vicuna-7b-16k-13m_v1,False,"[803, 993, 1016, 1037]"
1194,web_3ff7abbd-cbd0-4396-ae77-94e34376edb5.png,"[1738, 1135, 309, 44]",open the page of bougainville island,text,tool,web,0.525,"""Australian troops advanced along the northern part of Bougainville Island"" link in the ""On this day"" section under January 17, 1945.","[2040, 1127]",C5GKSGezFMXiCTpntit8qy,merged-llava-v1.5-vicuna-7b-16k-13m_v1,False,"[1738, 1135, 2047, 1179]"
1195,web_dd6b5395-a2da-4d88-a971-c2815899f84d.png,"[202, 7, 486, 134]",return the homepage of mediawiki,text,tool,web,0.525,"""Main Page"" link located in the navigation bar below the MediaWiki title.","[186, 449]",a2qxjajisxLTP7cbXRVLXE,merged-llava-v1.5-vicuna-7b-16k-13m_v1,False,"[202, 7, 688, 141]"
1199,web_55f5dbd0-ac88-4695-a7a8-03f52a7464cb.png,"[1085, 728, 127, 39]",open wikipedia page of football,icon,tool,web,0.525,"Search bar at the top right with placeholder text ""Search Wikipedia"" and a magnifying glass icon.","[1318, 80]",FWQeT8BSLcBZ5sKwxVT6k3,merged-llava-v1.5-vicuna-7b-16k-13m_v1,False,"[1085, 728, 1212, 767]"
1200,web_55f5dbd0-ac88-4695-a7a8-03f52a7464cb.png,"[101, 48, 65, 65]",open options,text,tool,web,0.525,"Three vertical dots in the top right corner next to ""Log in"".","[2428, 80]",G9nNF5uXKWEerQjqnjb6Sw,merged-llava-v1.5-vicuna-7b-16k-13m_v1,False,"[101, 48, 166, 113]"
1202,web_e32af83c-f30c-4104-82b3-d5b9a84ad5ee.png,"[852, 1081, 182, 57]",enter page of norway,text,tool,web,0.525,"Martin Ødegaard in the ""Player"" column, row 8, under ""First-team squad"" section.","[1211, 1081]",aHxhdqSbZzB9uupusEbfjY,merged-llava-v1.5-vicuna-7b-16k-13m_v1,False,"[852, 1081, 1034, 1138]"
1203,web_e32af83c-f30c-4104-82b3-d5b9a84ad5ee.png,"[1586, 193, 626, 52]",open arsenal f.c. records and player records webpage,icon,tool,web,0.525,"""Arsenal F.C. players"" link under the ""Players"" heading.","[880, 160]",ReZP3H9Jk6Ctoi7wnWkXYs,merged-llava-v1.5-vicuna-7b-16k-13m_v1,False,"[1586, 193, 2212, 245]"
1213,web_45f9eb11-1663-440f-9e73-78a34793ac95.png,"[1893, 549, 109, 36]",go to page of darpa,icon,tool,web,0.525,"Link titled ""DARPA's Visual Media Reasoning concept video"" located to the right of the ""Medicine"" section.","[2158, 588]",hyVwDSQYeL2TZ8XMYsGgry,merged-llava-v1.5-vicuna-7b-16k-13m_v1,False,"[1893, 549, 2002, 585]"
1215,web_df804fb9-f96e-425e-b1a3-fe8f6810a1de.png,"[465, 663, 55, 55]",delete the 'article' tag for searching,text,tool,web,0.525,"""Search in: (Article) X"" button located below the search bar.","[363, 695]",JHoJZEVUzDsr3mQKjyNXCn,merged-llava-v1.5-vicuna-7b-16k-13m_v1,False,"[465, 663, 520, 718]"
1218,web_147f0485-994a-4176-bd82-88d81ab8607a.png,"[898, 756, 52, 60]",search in all area,text,tool,web,0.525,"Search input field located below the ""Search results"" heading and above the ""Advanced search"" button.","[889, 497]",T4PPsw2wEQYrvstZiLukna,merged-llava-v1.5-vicuna-7b-16k-13m_v1,False,"[898, 756, 950, 816]"
1222,web_78657904-325d-4ee2-b319-36dc1abe7e54.png,"[2332, 414, 93, 42]",show content of reinforcement learning,icon,tool,web,0.525,"""Reinforcement learning [show]"" button located in the right sidebar under the section with various machine learning topics.","[2112, 447]",fPfVjyNVQLnJH6gjeTcLjh,merged-llava-v1.5-vicuna-7b-16k-13m_v1,False,"[2332, 414, 2425, 456]"
1223,web_78657904-325d-4ee2-b319-36dc1abe7e54.png,"[1065, 943, 470, 29]",enter page of machine learning translator,icon,tool,web,0.525,"""Training and architecture details"" link in the left sidebar under ""Dataset preprocessing"".","[344, 493]",BghDT48NDNfPocpA6rNKoV,merged-llava-v1.5-vicuna-7b-16k-13m_v1,False,"[1065, 943, 1535, 972]"
1248,web_2450df5d-6082-4941-8fe5-ee61df8e7021.png,"[844, 1309, 47, 39]",check the price changes for the first item,icon,shop,web,0.525,"Price of the first item listed under ""Shop Succulents | Assorted Collection of Live Air Plants, Hand Selected Variety Pack of Air Succulents | Collection of 6"".","[584, 1339]",bvSBhvtSHkjGrtnnFxiNNG,merged-llava-v1.5-vicuna-7b-16k-13m_v1,False,"[844, 1309, 891, 1348]"
1254,web_8c185a73-f24a-4548-851f-eae8962b2649.png,"[203, 1234, 192, 197]",check the second image,icon,shop,web,0.525,"Second thumbnail image from the left, located at the bottom left corner.","[99, 1337]",CtojHt3u6GGUoPM9VJLvit,merged-llava-v1.5-vicuna-7b-16k-13m_v1,False,"[203, 1234, 395, 1431]"
1257,web_889c379a-7f36-4aad-9516-b09773cd6b84.png,"[2272, 151, 80, 68]",search the products about football,icon,shop,web,0.525,"Search bar with the text ""football"" and a magnifying glass icon, located at the top right of the page.","[2049, 188]",ChxC7Yz7D7ByyzccvQ6sdH,merged-llava-v1.5-vicuna-7b-16k-13m_v1,False,"[2272, 151, 2352, 219]"
1262,web_29f17af5-5e60-41a0-8a0c-36a991a0a19d.png,"[615, 395, 31, 55]",rate this product with four stars,icon,shop,web,0.525,"Fourth star from the left in the ""Your Rating"" section under the product title.","[584, 432]",NWZrm32RrYDhHAvAL9KNk2,merged-llava-v1.5-vicuna-7b-16k-13m_v1,False,"[615, 395, 646, 450]"
1263,web_29f17af5-5e60-41a0-8a0c-36a991a0a19d.png,"[369, 793, 813, 190]",provide a review for the current product,icon,shop,web,0.525,"""Submit Review"" button below the ""Review"" text box.","[493, 1108]",RX7pgM8TJaTrj2fxiZKsZr,merged-llava-v1.5-vicuna-7b-16k-13m_v1,False,"[369, 793, 1182, 983]"
